raiting,price(RUB),articul,CPU,RAM(GB),SSD(GB),GPU,RAM type,CPU cores,CPU frequency(GHZ),VRAM(GB),power supply(W)
4.8,49918,1653713417,amdryzen53600,32,512,nvidiageforcegtx1650,DDR4,6,3.6,4,350
3,101207,1652469098,intelcorei5-12600kf,32,1000,amdradeonrx7600xt,DDR4,10,3.7,16,600
4.6,17690,1348954322,intelcorei7-2600,16,1024,intelhdgraphics2000,DDR3,4,3.8,2,400
4.7,5867,1429035420,intelcorei3-2100,16,120,intelhdgraphics2000,DDR3,4,3500,2,300
5,99719,1652470887,intelcorei5-12400f,32,1000,nvidiageforcertx4060ti,DDR4,6,2.5,8,550
4.7,37798,1616503300,intelxeone5-2650v2,32,512,nvidiageforcertx2060,DDR3,8,3.4,6,500
4.9,401887,1653711691,amdryzen97900x,64,2000,nvidiageforcertx4090,DDR5,12,4.7,24,1000
5,62195,1431699241,intelcorei5-12400f,32,1000,nvidiageforcertx3050,DDR4,6,2.5,8,600
4.9,23232,1604934862,intelcorei5-6500,16,480,intelhdgraphics,DDR4,4,3.2,1,600
4.8,18283,772581968,intelcorei5-2400,16,512,intelhdgraphics,DDR3,4,3.1,1,600
5,41703,1135899579,amdryzen51600,16,1000,nvidiageforcegtx1660super,DDR4,6,3.6,6,600
4.8,34447,1688761597,intelcorei7-7700,64,1024,amdradeonrx580,DDR3,8,3.4,8,700
4.9,30370,1608847313,intelxeone5-2650v2,32,512,amdradeonrx580,DDR3,8,2.7,8,500
4.7,33626,1576264383,intelxeone5-2650v2,32,1024,amdradeonrx580,DDR3,8,2.6,8,600
4.6,24514,1598407194,intelcorei7-4770,16,512,amdradeonrx580,DDR3,4,3.4,8,500
5,84028,1652469947,intelcorei5-12400f,32,1000,nvidiageforcertx3060,DDR4,6,2.5,12,550
4.8,60030,1607905191,intelcorei5-11400f,16,256,amdradeonrx6600,DDR4,6,4.4,8,500
5,74395,1600291770,amdryzen55600,16,1024,nvidiageforcertx4060,DDR4,6,4.4,8,600
4.6,26696,1598374640,intelcorei7-4770,16,1024,nvidiageforcegtx1050ti,DDR3,4,3.4,4,500
4.7,11571,1431873140,intelcorei5-2300,16,512,intelhdgraphics620,DDR3,4,3100,8,300
4.5,6301,1637781355,amda10-6700,8,240,amdradeon,DDR3,4,3.7,8,240
5,142384,1652468687,intelcorei5-12400f,32,1000,nvidiageforcertx3090,DDR4,6,2.5,24,850
5,93118,1418571176,intelcorei7-12700f,32,960,nvidiageforcertx3060ti,DDR4,12,2.1,8,700
4.6,13329,1491181857,intelcorei5-6500,8,240,intelhdgraphics530,DDR4,4,3.6,8,450
4.7,10304,1431555426,intelcorei5-2300,16,240,intelhdgraphics620,DDR3,4,3100,8,300
5,89991,1652469757,intelcorei5-12400f,16,2000,nvidiageforcertx4060,DDR4,6,2.5,8,550
4.5,68136,1637607151,amdryzen53600,32,1024,nvidiageforcertx3050,DDR4,6,3.6,8,500
4.5,71406,1637607543,intelcorei5-10400f,32,1024,nvidiageforcertx3050,DDR4,6,2900,8,500
5,50769,961407787,amdryzen51600,16,1000,nvidiageforcertx2060super,DDR4,6,4200,8,600
4.6,27515,1598424770,intelcorei7-2600,16,1024,amdradeonrx580,DDR3,4,3.4,8,500
5,58744,800015471,amdryzen55600x,16,480,nvidiageforcertx3050,DDR4,6,3700,8,600
4.7,9964,1276057659,intelcorei3-3220,8,256,intelhdgraphics2000,DDR3,2,3.3,2,400
4.9,14002,1579546775,intelcorei5-2400,8,240,intelhdgraphics,DDR3,4,3.1,1,600
4.7,32054,1395059539,amdryzen55600g,16,1000,amdradeonvega7,DDR4,6,3.9,2,500
4.6,35527,1410570400,intelcorei7-2600,16,512,amdradeonrx580,DDR3,4,3.4,8,600
3.6,35926,1585496714,intelcorei7-10700,32,1000,nvidiageforcegtx1660super,DDR3,6,3.2,6,500
4.7,10304,1590382207,amdproa8-8650b,16,240,amdradeonr7,DDR3,4,3900,8,300
4.8,64682,747932192,intelcorei5-10400f,16,512,nvidiageforcertx2060super,DDR4,6,2.9,8,600
4.8,18559,1181082056,intelcorei5-3470,16,512,intelhdgraphics,DDR3,4,3.2,1,600
4.8,70603,1653719167,amdryzen53600,32,1000,nvidiageforcertx3060,DDR4,6,3.6,12,550
4.7,65175,1449738281,amdryzen53600,32,1000,nvidiageforcertx3060,DDR4,6,3.6,12,600
4.7,14616,1276057653,intelcorei7-2600,16,512,intelhdgraphics2000,DDR3,4,3.8,2,400
5,106736,1578665579,intelcorei5-12400f,32,512,nvidiageforcertx4060ti,DDR4,6,2.5,16,600
4.7,17181,1317037811,intelcorei7-2600,16,1024,intelhdgraphics2000,DDR3,4,3.8,2,400
4.6,8149,1491176993,intelcorei3-3220,8,120,intelhdgraphics,DDR3,2,3.3,2,450
4.7,6436,1428994542,intelcorei3-2100,16,240,intelhdgraphics2000,DDR3,4,3500,2,300
4.5,9657,1568493595,amdproa8-8650b,16,240,amdradeonr7,DDR3,4,3.2,8,240
5,66772,1431699460,intelcorei5-12400f,16,500,nvidiageforcertx4060,DDR4,6,2.5,8,700
4.9,87819,879829120,intelcorei7-10700f,16,1512,nvidiageforcertx3060,DDR4,8,2900,12,600
4.9,105176,1652469162,amdryzen55600x,32,1000,amdradeonrx6800xt,DDR4,6,3.7,16,750
4.5,41771,1577394451,intelxeone5-2670v3,16,512,nvidiageforcertx2060super,DDR4,12,3.1,8,600
4.5,37509,1577394189,intelxeone5-2670v3,64,512,amdradeonrx580,DDR4,12,3.1,8,600
4.5,71547,1654695067,amdryzen55600,16,1024,nvidiageforcertx3060,DDR4,6,3500,12,600
4.8,13743,1117557199,intelcorei5-3470,16,512,intelhdgraphics2500,DDR3,4,3.2,8,450
4.5,58193,1577394049,intelxeone5-2670v3,32,1024,nvidiageforcertx3060,DDR4,12,3.1,12,600
4.8,48555,1600370055,intelcorei7-7700,32,512,nvidiageforcegtx1660super,DDR4,12,2.6,6,600
4.9,67685,1654694803,intelcorei5-10400f,32,1024,nvidiageforcertx3050,DDR4,6,2900,8,500
4.7,11514,1317037895,intelcorei3-2100,16,512,intelhdgraphics2000,DDR3,2,3.1,2,400
5,35323,1580314158,intelcorei7-7700,32,1000,nvidiageforcegtx1660super,DDR3,4,3600,6,500
4.6,25065,1598426947,intelcorei7-2600,16,512,amdradeonrx580,DDR3,4,3.4,8,500
5,92671,1581678062,intelcorei5-13400f,32,512,nvidiageforcertx4060ti,DDR4,10,2.5,8,600
4.6,65613,1600290611,intelcorei5-12400f,16,512,nvidiageforcertx3060ti,DDR4,6,2.9,8,600
4.8,12150,1215207887,intelcorei5-2400,16,240,intelhdgraphics,DDR3,4,3.1,1,400
4.6,137925,1581678005,intelcorei5-13600kf,32,1000,nvidiageforcertx4070,DDR4,14,3.5,12,700
4.9,19066,1404643451,intelcorei5-4570,16,960,intelhdgraphics,DDR3,4,3.2,1,600
4.7,27051,1276057660,intelcorei3-2100,16,1024,nvidiageforcegtx1050ti,DDR3,2,3.1,4,600
4.4,28915,1690500210,intelxeone5-2666v3,16,512,amdradeonrx580,DDR4 Reg,10,2.9,8,500
4.9,17689,1604935007,intelcorei5-4570,16,480,intelhdgraphics,DDR3,4,3.2,1,600
4.8,52130,1607904846,intelcorei5-11400f,16,512,amdradeonrx5600xt,DDR4,6,4.4,6,450
5,34219,961454015,amdryzen55600g,16,1000,amdradeonvega7,DDR4,6,4.4,2,500
4.4,29710,1628976889,intelxeone5-2666v3,16,512,amdradeonrx580,DDR4 Reg,10,2.9,8,500
5,56072,1549211158,intelcorei5-10400f,8,256,nvidiageforcertx3050,DDR4,6,2.9,8,600
4.7,31011,1628135419,intelxeone5-2640v4,16,512,amdradeonrx580,DDR4 Reg,10,2.4,8,500
5,133459,1581678242,intelcorei5-13600kf,16,1000,nvidiageforcertx4070,DDR4,14,3.5,12,700
4.9,229205,1653513499,intelcorei7-14700f,32,1000,nvidiageforcertx4080,DDR5,20,2.1,16,800
4.5,20898,1497929193,intelcorei5-2400,16,128,nvidiageforcegtx1050ti,DDR3,4,3.4,4,500
4.7,12930,1590383397,amdproa8-8650b,16,512,amdradeonr7,DDR3,4,3900,8,300
4.7,9131,1627312617,amda10-6700,8,240,amdradeonr7,DDR3,4,3.7,8,600
2.5,37160,1637158367,intelxeone5-2650v2,32,512,nvidiageforcegtx1660super,DDR4,8,3.4,6,500
4.8,45252,1678819785,intelxeone5-2650v3,32,1024,nvidiageforcertx2060super,DDR4 Reg,10,2.3,8,500
4.8,67321,1653513197,amdryzen53600,16,512,amdradeonrx7600,DDR4,6,3.6,8,550
5,80049,1652470004,intelcorei5-12400f,16,1000,nvidiageforcertx3060,DDR4,6,2.5,12,550
4.7,25027,1449786292,intelxeone5-2650v2,16,256,amdradeonrx580,DDR3,8,3.4,8,500
5,85057,1193131205,intelcorei5-12400f,32,960,nvidiageforcertx4060,DDR4,6,2.5,8,700
4.8,78061,1653513439,amdryzen53600,16,1000,nvidiageforcertx3070,DDR4,6,3.6,8,650
4.5,9930,1609954989,intelcorei5-2300,8,120,intelhdgraphics2000,DDR3,4,3100,1,400
4.6,17709,1315711243,intelxeone5-2650v2,16,256,nvidiageforcegt730,DDR3,8,3.4,4,500
4.5,5881,1577628048,amdproa8-8650b,8,120,amdradeonr7,DDR3,4,3.2,8,240
5,17593,1700298562,intelcorei7-4790,16,240,intelhdgraphics,DDR3,4,3.6,1,400
4.5,96434,1637606835,amdryzen55600,16,1024,nvidiageforcertx3080,DDR4,6,3500,10,800
4.8,21462,1138231321,intelcorei7-2600,16,1024,intelhdgraphics,DDR3,4,3.4,1,600
5,46560,1459016636,intelcorei7-4770,16,960,nvidiageforcegtx1050ti,DDR3,4,3.4,4,600
4.9,76375,1454009853,amdryzen55600,16,1024,nvidiageforcertx3060ti,DDR4,6,3500,8,600
5,62617,1566846771,intelcorei5-10400f,8,256,nvidiageforcertx3060,DDR4,6,2.9,12,600
4.9,63469,1547074421,intelcorei5-10400f,32,960,nvidiageforcegtx1050ti,DDR4,6,2900,4,600
4.9,89000,1652470733,intelcorei5-12400f,32,1000,nvidiageforcertx4060,DDR4,6,2.5,8,550
5,67908,833226966,amdryzen55600,16,1024,nvidiageforcertx3060,DDR4,6,4.4,12,600
5,80049,1652469581,intelcorei5-12400f,16,1000,nvidiageforcertx3060,DDR4,6,2.5,12,550
4.7,6756,1590379596,amdproa8-8650b,8,512,amdradeonr7,DDR3,4,3900,8,300
4.7,35518,1595675036,intelxeone5-2650v2,32,512,nvidiageforcegtx1660super,DDR3,8,3.4,6,500
4.4,12511,937978691,intelcorei5-3470,16,480,intelhdgraphics2000,DDR3,4,3.2,2,400
4.6,23540,1344534561,intelcorei7-2600,8,256,nvidiageforcegtx1060,DDR3,4,3.8,6,500
4.7,46728,1136208758,intelcorei7-2600,16,1024,nvidiageforcegtx1660super,DDR3,4,3.4,6,600
2.5,27756,1645422883,intelxeone5-2650v2,32,512,amdradeonrx580,DDR4,8,3.4,8,500
4.9,58044,1418571193,intelcorei5-10400f,16,480,nvidiageforcegtx1660super,DDR4,6,2.9,6,600
4.4,31326,1602924412,intelxeone5-2640v4,16,512,amdradeonrx580,DDR4 Reg,10,2.4,8,550
4.9,165206,1652470921,intelcorei7-14700kf,32,2000,nvidiageforcertx4060ti,DDR5,20,3.4,16,600
4.9,79056,1653512818,amdryzen55600x,16,1000,nvidiageforcertx3060,DDR4,6,3.7,12,550
4.7,13486,1160592028,intelcorei5-4570,16,240,inteluhdgraphics,DDR3,4,3.6,2,400
4.5,5881,1637782945,amda10-6700,8,120,amdradeon,DDR3,4,3.7,8,240
4.9,15411,1421954819,intelcorei5-2400,16,480,intelhdgraphics,DDR3,4,3.1,1,450
5,85817,907933181,intelcorei5-12400f,32,1000,nvidiageforcertx3060,DDR4,6,4.4,12,600
4.9,70435,857423824,intelcorei7-5820k,32,1000,nvidiageforcegtx1660super,DDR4,12,3.60,6,500
4.8,96971,833227045,amdryzen55500,32,1024,nvidiageforcertx2060super,DDR4,6,3.6,8,500
4.7,54661,1135599136,intelcorei7-9700,16,1000,nvidiageforcertx3060ti,DDR4,10,2.3,8,500
5,62096,1564283095,intelcorei5-10400f,8,256,nvidiageforcertx3060,DDR4,6,2.9,12,600
4.8,32595,1688761586,intelcorei7-7700,32,1024,amdradeonrx580,DDR3,8,3.4,8,700
4.7,25210,1637763977,intelxeone5-2650v2,16,512,amdradeonrx580,DDR3,8,3.4,8,500
4.6,34185,872997764,intelcorei5-3470,16,240,nvidiageforcegtx1660super,DDR3,4,3.2,6,500
4.9,89000,1655758891,intelcorei5-12400f,32,1000,nvidiageforcertx4060,DDR4,6,2.5,8,550
4.5,142384,1652470361,amdryzen57500f,32,2000,nvidiageforcertx4070,DDR5,6,3.7,12,650
5,18881,1700298265,intelcorei7-4790,16,480,intelhdgraphics,DDR3,4,3.6,1,400
4.7,39504,1637781327,intelxeone5-2640v4,16,512,nvidiageforcertx2060,DDR4 Reg,10,2.4,8,500
4.9,381016,1652469848,amdryzen97900x,32,2000,nvidiageforcertx4090,DDR5,12,4.7,24,1000
4.5,13958,1665537072,amdproa8-8650b,32,480,amdradeonr7,DDR3,4,3.2,8,240
4.8,31200,1344629680,intelxeone5-2650v3,16,512,nvidiageforcegtx1660super,DDR4 Reg,10,2.3,6,500
4.5,6301,1568464372,amdproa8-8650b,8,240,amdradeonr7,DDR3,4,3.2,8,240
4.9,28000,1618108402,intelxeone5-2660v3,16,512,amdradeonrx580,DDR4,10,3.5,8,500
4.9,46560,1454671288,intelcorei3-12100,8,256,inteluhdgraphics730,DDR4,4,3.3,8,400
4.7,24690,1449774619,intelxeone5-2650v2,16,512,amdradeonrx580,DDR3,8,3.4,8,500
5,7130,631283734,intelcorei3-2100,4,120,intelhdgraphics2000,DDR3,2,3100,2,400
4.7,29765,1584651330,intelxeone5-2650v4,16,512,amdradeonrx580,DDR4 Reg,12,2.9,8,500
4.9,13356,1421954378,intelcorei5-2400,8,240,intelhdgraphics,DDR3,4,3.1,1,600
4.6,18119,1440372705,intelxeone5-2650v2,32,128,nvidiageforcegt730,DDR3,8,3.4,4,500
4.9,73367,1453349480,intelcorei5-10400f,16,1024,nvidiageforcertx3060,DDR4,6,2.9,12,600
4.5,164373,1637607146,intelcorei7-12700f,32,1024,nvidiageforcertx4070ti,DDR4,12,3600,12,800
4.3,25728,1580128849,intelxeone5-2650v2,32,512,amdradeonrx580,DDR3,8,3.4,8,500
4.5,142384,1653713527,amdryzen57500f,32,2000,nvidiageforcertx4070,DDR5,6,3.7,12,650
4.8,25099,1404664213,intelcorei3-9100f,8,480,nvidiageforcegt210,DDR4,4,3.6,4,600
5,49354,998535853,intelcorei3-10105f,8,512,nvidiageforcegtx1650,DDR4,4,3700,4,500
4.7,33038,1664983143,intelxeone5-2650v2,32,512,amdradeonrx580,DDR3,8,2.6,8,600
4.5,99566,1637607529,amdryzen55600,32,1024,nvidiageforcertx3080,DDR4,6,3500,10,800
4.9,152897,1666732245,intelcorei7-13700kf,16,1000,nvidiageforcertx4070,DDR5,16,2.5,12,800
4.6,24753,1344540612,intelxeone5-2650v2,32,512,nvidiageforcegt730,DDR3,8,2.6,4,500
4.9,27458,1636358027,intelcorei5-10400f,8,480,amdradeonrx5500,DDR4,6,2900,4,600
4.5,11909,1616081644,amda88670e,16,240,amdradeonr7,DDR4,4,2.8,8,180
5,62195,1431699241,intelcorei5-12400f,32,1000,nvidiageforcertx3050,DDR4,6,2.5,8,600
4.6,62560,1395394496,intelcorei5-12400f,16,512,nvidiageforcertx3060,DDR4,6,2.5,12,600
4.8,66022,1607905950,intelcorei5-11400f,16,1000,amdradeonrx6600,DDR4,6,4.4,8,500
4.7,9624,1431564670,intelcorei5-2300,8,240,intelhdgraphics620,DDR3,4,3100,8,300
5,95447,1581678053,intelcorei5-13400f,32,256,nvidiageforcertx4060ti,DDR4,10,2.5,8,600
4.9,56448,1609637968,intelcorei5-6600,32,960,nvidiageforcegtx1660super,DDR4,4,3.9,6,500
4.6,65849,1395394160,intelcorei5-12400f,32,1000,nvidiageforcertx3060ti,DDR4,6,2.5,8,600
4.7,34768,1381113314,intelcorei7-2600,16,1024,amdradeonrx580,DDR3,4,3.4,8,600
4.7,11286,1389498547,amda10-7800,16,512,amdradeonr7,DDR3,4,3500,8,300
4.9,46560,1454671288,intelcorei3-12100,8,256,inteluhdgraphics730,DDR4,4,3.3,8,400
4.7,81737,1637607331,intelcorei5-12400f,32,1024,nvidiageforcertx3060,DDR4,6,2500,12,600
5,74393,1574391003,intelcorei7-5820k,32,1000,nvidiageforcertx3060,DDR4,6,3.60,12,700
4.9,70164,1555440438,amdryzen53600,16,512,nvidiageforcertx3070,DDR4,6,3.6,8,600
4.5,136927,1653513049,amdryzen57500f,32,1000,nvidiageforcertx4070,DDR5,6,3.7,12,650
4.9,66067,1654695015,intelcorei3-10105f,32,1024,nvidiageforcertx3050,DDR4,4,3600,8,500
4.5,132959,1653545692,amdryzen57500f,32,2000,amdradeonrx7800xt,DDR5,6,3.7,16,700
4.9,46560,1579541115,amdryzen57500f,8,256,nvidiageforcertx3070,DDR4,6,3700,8,600
5,72095,1638864715,intelcorei5-12400f,32,1000,nvidiageforcertx4060,DDR4,6,2.5,8,700
4.9,20091,1705569083,intelcorei5-4570,16,512,intelhdgraphics4600,DDR3,4,3.4,2,450
4.5,12264,1609964506,intelcorei5-2300,16,240,intelhdgraphics2000,DDR3,4,3100,1,400
4.6,11054,1315807923,intelcorei3-2100,16,512,intelhdgraphics,DDR3,2,3.1,1,400
4.9,79320,1422274984,amdryzen55600,32,1024,nvidiageforcertx2060super,DDR4,6,3500,8,600
4.9,67918,693667084,intelcorei7-3770,16,1024,nvidiageforcertx3060,DDR3,4,3.4,12,600
4.8,39317,1204638590,amdryzen55600g,16,1024,amdradeonvega7,DDR4,6,3.9,2,600
4.5,48345,1577394115,intelxeone5-2670v3,32,512,nvidiageforcertx3050,DDR4,12,3.1,8,600
4.9,74021,1461242588,amdryzen53600,16,512,nvidiageforcertx3070,DDR4,6,3.6,8,600
4.9,40750,1528681994,amdryzen54600g,32,960,amdradeonvega7,DDR4,6,3.7,2,600
4.5,12863,1616088036,amda88670e,16,480,amdradeonr7,DDR4,4,2.8,8,180
4.5,66698,1637607538,amdryzen55600,16,1024,nvidiageforcertx3050,DDR4,6,3500,8,500
4.9,381513,1653711498,intelcorei7-14700kf,64,2000,nvidiageforcertx4090,DDR5,20,3.4,24,1000
4.9,47097,1654695217,amdryzen52600,32,1024,amdradeonrx580,DDR4,6,2600,8,500
4.5,47568,1637606697,amdryzen53600,8,256,amdradeonrx580,DDR4,6,3600,8,500
4.5,63431,1637607058,intelcorei5-10400f,8,256,nvidiageforcertx3050,DDR4,6,2900,8,500
4.9,166695,1652470667,intelcorei7-14700kf,32,1000,amdradeonrx7800xt,DDR5,20,3.4,16,750
5,47045,1523069088,intelcorei7-3770,16,480,nvidiageforcegtx1660super,DDR3,4,3.4,6,600
5,170663,1655758897,intelcorei5-14600kf,64,2000,nvidiageforcertx4070,DDR5,14,3.5,12,650
4.5,34670,1308743690,intelcorei7-7700,32,1000,nvidiageforcegtx1660super,DDR3,4,3.4,6,500
4.9,81319,907007610,intelcorei5-12400f,32,1000,nvidiageforcertx3060,DDR4,6,4.4,12,600
4.5,75198,1637606956,intelcorei5-10400f,32,512,nvidiageforcertx3060,DDR4,6,2.9,12,600
4.5,95651,1637607155,amdryzen57500f,16,1024,nvidiageforcertx3070,DDR4,6,3700,8,600
4.9,117962,1555440566,intelcorei7-12700f,32,1024,nvidiageforcertx3080,DDR4,12,3600,10,800
5,74730,961299585,intelcorei5-10400f,16,1000,nvidiageforcertx3060,DDR4,6,4.3,12,600
4.9,13383,1591172365,intelcorei5-3470,8,240,intelhdgraphics,DDR3,4,3.2,1,600
4.7,40411,1164195402,intelcorei5-3470,16,512,nvidiageforcegtx1660super,DDR3,4,3.2,6,600
4.9,52438,1579321273,intelcorei3-10105f,8,256,nvidiageforcegtx1650,DDR4,4,3600,4,500
4.9,30370,1608847313,intelxeone5-2650v2,32,512,amdradeonrx580,DDR3,8,2.7,8,500
4.5,56099,1416770503,amdryzen53600,16,256,nvidiageforcertx2060super,DDR4,6,3600,8,600
4.9,61859,1553830022,amdryzen55600,16,512,nvidiageforcertx2060super,DDR4,6,3500,8,600
4.9,227654,1666734699,intelcorei9-14900kf,64,1000,nvidiageforcertx4070ti,DDR5,24,3.2,12,800
4.9,105078,1461601997,intelcorei5-13400f,32,1024,nvidiageforcertx3080,DDR4,10,2500,10,800
4.9,107955,1666730369,intelcorei5-12400f,64,1000,nvidiageforcertx3050,DDR5,6,2.5,8,600
4.9,34345,1404635458,amdryzen54600g,16,480,amdradeonvega7,DDR4,6,3.7,2,450
4.9,61983,1553830171,intelcorei5-10400f,32,1024,nvidiageforcegtx1660super,DDR4,6,2900,6,500
4.5,74283,1637607013,amdryzen55600,32,512,nvidiageforcertx3060,DDR4,6,3500,12,600
4.9,53420,1591175072,amdryzen75700g,32,960,amdradeonvega8,DDR4,8,3.8,8,450
5,35610,1625370521,amdryzen55600g,16,480,amdradeonrxvega7,DDR4,6,3.9,8,500
4.7,35451,1584180718,intelcorei7-2600,16,1024,amdradeonrx580,DDR3,4,3.4,8,600
4.9,79553,1652470950,amdryzen55600x,16,1000,amdradeonrx7600,DDR4,6,3.7,8,550
4.9,57672,1654694929,intelcorei3-10105f,16,512,nvidiageforcertx2060super,DDR4,4,3600,8,600
4.9,185050,1653513668,intelcorei7-14700kf,64,2000,amdradeonrx7800xt,DDR5,20,3.4,16,750
4.5,162726,1652470373,amdryzen57500f,32,2000,nvidiageforcertx4070ti,DDR5,6,3.7,12,700
5,99111,1427466559,intelcorei5-12400f,32,1000,nvidiageforcertx4060ti,DDR4,6,2500,16,600
4.8,16250,1428198049,intelcorei5-2400,16,512,intelhdgraphics,DDR3,4,3.1,1,600
4.9,95637,1666731624,intelcorei5-13400,16,500,amdradeonrx6600,DDR5,10,2.5,8,600
4.9,61983,1553830171,intelcorei5-10400f,32,1024,nvidiageforcegtx1660super,DDR4,6,2900,6,500
4.9,69608,1652469367,intelcorei5-11400f,16,1000,amdradeonrx6600,DDR4,6,2.6,8,450
4.9,101717,1461128318,intelcorei5-13400f,32,1024,nvidiageforcertx3060ti,DDR4,10,2500,8,600
4.9,66872,1681685679,amdryzen53600,32,1024,nvidiageforcertx3060,DDR4,6,3.6,12,600
5,93358,1226000359,intelcorei7-12700f,32,1000,nvidiageforcertx4060,DDR4,12,3600,8,600
5,19260,1235038012,intelcorei7-2600,16,512,intelhdgraphics2000,DDR3,8,3.4,2,500
4.9,161743,1666731664,intelcorei7-14700kf,32,1000,nvidiageforcertx4070super,DDR5,20,3.4,12,800
4.7,11286,1389498547,amda10-7800,16,512,amdradeonr7,DDR3,4,3500,8,300
4.5,53426,1637607654,amdryzen55600,16,512,amdradeonrx580,DDR4,6,3500,8,500
4.9,54613,1637329148,amdryzen55500,16,512,nvidiageforcertx2060super,DDR4,6,3600,8,600
4.7,31274,1395052337,amdryzen54600g,16,512,amdradeonvega7,DDR4,6,3.7,2,500
4.5,27535,1328978149,intelcorei3-2100,16,480,nvidiageforcegt1030,DDR3,2,3.1,2,350
5,63679,1431699411,intelcorei5-12400f,16,500,nvidiageforcertx3060,DDR4,6,2.5,12,700
4.5,47023,1308744083,intelcorei7-7700,32,1000,nvidiageforcertx2060super,DDR3,4,3.4,8,500
4.9,52831,1685907186,intelxeone5-2650v2,32,1024,nvidiageforcertx3060,DDR4,6,2.6,12,600
5,81468,1614658945,intelcorei5-12400f,32,1024,nvidiageforcertx3060,DDR4,6,2.5,12,600
4.8,88925,1688550218,intelcorei7-7700,32,1024,nvidiageforcertx4060,DDR3,8,3.4,8,700
4.9,83457,1666730640,amdryzen75800x,16,500,nvidiageforcertx3050,DDR4,8,3.8,8,600
4.8,22313,1404643184,intelcorei5-6500,16,480,intelhdgraphics,DDR4,4,3.2,1,600
4.9,84028,1653713207,amdryzen55600x,16,1000,nvidiageforcertx4060,DDR4,6,3.7,8,550
5,49363,1404638078,intelcorei5-3470,16,480,nvidiageforcegtx1660super,DDR3,4,3.2,6,600
4.9,39658,1404638094,amdryzen54600g,32,960,amdradeonvega7,DDR4,6,3.7,2,600
4.9,58044,1421954287,intelcorei5-10400f,16,480,nvidiageforcegtx1660super,DDR4,6,2.9,6,600
5,104893,1638866527,intelcorei5-12400f,32,500,nvidiageforcertx4070,DDR4,6,2.5,12,800
5,80542,1668061230,amdryzen55600x,32,1000,nvidiageforcertx3060,DDR4,6,3700,12,600
5,20601,1678751439,intelcorei5-3470,8,128,amdradeonrx580,DDR3,4,3.2,8,450
4.9,15909,1685907232,intelcorei7-2600,16,1024,intelhdgraphics2000,DDR3,4,3.8,2,400
4.7,78688,1277303245,intelxeone5-2670v3,64,1000,nvidiageforcertx3060,DDR4,12,3.6,12,800
4.5,70838,1637607735,intelcorei5-10400f,16,512,nvidiageforcertx2060super,DDR4,6,2900,8,500
4.5,11081,1609958701,intelcorei5-2300,8,240,intelhdgraphics2000,DDR3,4,3100,1,400
4.5,127501,1653711540,amdryzen57500f,32,1000,amdradeonrx7800xt,DDR5,6,3.7,16,700
5,47045,1523069088,intelcorei7-3770,16,480,nvidiageforcegtx1660super,DDR3,4,3.4,6,600
4.5,70150,1637607810,intelcorei5-10400f,16,1024,nvidiageforcertx3050,DDR4,6,2900,8,500
5,99346,1623118023,intelcorei9-11900,32,1512,nvidiageforcertx3060,DDR4,8,2.5,12,700
4.9,70281,1099560880,intelcorei5-12400,32,512,nvidiageforcertx2060super,DDR4,6,2.5,8,600
5,104124,800015390,intelcorei7-12700f,32,1000,nvidiageforcertx3060,DDR4,12,3600,12,600
5,57994,1659688508,amdryzen57600,8,128,amdradeonrx580,DDR5,6,4,8,500
4.7,80956,1665714753,amdryzen77700,8,1024,nvidiageforcertx2070super,DDR5,8,4,8,600
4.9,88005,1652470866,amdryzen55600x,32,1000,nvidiageforcertx4060,DDR4,6,3.7,8,550
5,141393,1653588696,intelcorei5-14600kf,32,2000,nvidiageforcertx4060ti,DDR5,14,3.5,16,550
4.7,25645,1162915137,intelcorei7-3770,16,1000,amdradeonrx580,DDR3,6,2.2,8,500
4.9,115278,1666730717,intelcorei7-11700,16,500,amdradeonrx6700xt,DDR4,8,2.5,12,750
4.5,11532,1579950550,amdproa8-8650b,16,480,amdradeonr7,DDR3,4,3.2,8,240
5,74393,1574391003,intelcorei7-5820k,32,1000,nvidiageforcertx3060,DDR4,6,3.60,12,700
4.9,9941,1685907157,intelcorei3-3220,8,256,intelhdgraphics2000,DDR3,2,3.3,2,400
4.9,64462,1654695334,amdryzen53600,32,1024,nvidiageforcertx2060super,DDR4,6,3.6,8,600
4.9,74137,1666728947,amdryzen55600,16,1000,nvidiageforcertx3050,DDR4,6,3.5,8,600
5,66235,1431698989,intelcorei5-12400f,16,1000,nvidiageforcertx3060,DDR4,6,2.5,12,700
4.7,34182,1584180722,intelcorei7-2600,8,512,amdradeonrx580,DDR3,4,3.4,8,600
5,66235,1431698989,intelcorei5-12400f,16,1000,nvidiageforcertx3060,DDR4,6,2.5,12,700
5,178105,1653543750,intelcorei5-14600kf,32,2000,nvidiageforcertx4070ti,DDR5,14,3.5,12,700
4.8,73998,1461021582,intelcorei5-11400f,16,500,nvidiageforcertx3070ti,DDR4,6,4.4,8,750
4.9,30462,1579547366,intelcorei5-6500,32,960,intelhdgraphics,DDR4,4,3.2,1,600
4.8,79730,1467863208,intelcorei5-12400f,32,1000,nvidiageforcertx4060,DDR4,6,2500,8,600
5,123981,1661576391,intelcorei5-13400f,32,1000,nvidiageforcertx4070super,DDR4,10,4.0,12,750
4.9,37518,1685907007,intelxeone5-2650v2,16,512,nvidiageforcertx2060super,DDR3,8,2.6,8,500
4.6,13878,1348955692,intelcorei3-2100,16,512,intelhdgraphics2000,DDR3,2,3.1,2,400
4.7,13631,1304533653,intelcorei5-4570,16,512,inteluhdgraphics,DDR3,4,3.6,2,400
4.9,88005,1653513388,amdryzen55600x,32,1000,nvidiageforcertx4060,DDR4,6,3.7,8,550
4.5,69297,1654694701,amdryzen55600,16,512,nvidiageforcertx3060,DDR4,6,3500,12,600
4.8,16304,1428195187,intelcorei5-3470,16,512,intelhdgraphics,DDR3,4,3.2,1,600
4.5,126013,1653713464,amdryzen57500f,32,2000,nvidiageforcertx4060ti,DDR5,6,3.7,16,550
5,162229,1652469456,intelcorei5-14600kf,32,1000,nvidiageforcertx4070super,DDR5,14,3.5,12,650
4.8,68042,1265057809,intelcorei5-10400f,16,512,nvidiageforcertx2060super,DDR4,6,2.9,8,600
5,18022,1700298189,intelcorei7-4790,8,480,intelhdgraphics,DDR3,4,3.6,1,400
4.5,69545,1654694931,intelcorei5-10400f,16,1024,nvidiageforcertx3060,DDR4,6,2.9,12,600
4.5,53426,1637607654,amdryzen55600,16,512,amdradeonrx580,DDR4,6,3500,8,500
5,15833,1700298282,intelcorei7-4790,8,120,intelhdgraphics,DDR3,4,3.6,1,400
5,76245,1637607673,amdryzen55600,32,512,nvidiageforcertx3060,DDR4,6,3500,12,600
5,46095,1421132770,amdryzen53600,16,1024,amdradeonrx580,DDR4,6,3600,8,500
4.8,21546,1648249888,intelcorei7-2600,16,1000,amdradeonrx550,DDR3,4,3.4,4,400
4.9,165420,1463138222,intelcorei7-12700f,32,1024,nvidiageforcertx4070,DDR4,12,3600,12,800
4.9,37384,1404640192,intelcorei7-2600,16,960,nvidiageforcegtx1050ti,DDR3,4,3.4,4,600
4.9,102437,1461313705,amdryzen57500f,32,1024,nvidiageforcertx3070,DDR4,6,3700,8,600
4.9,47012,1404638187,amdryzen54600g,32,960,amdradeonvega7,DDR4,6,3.7,2,600
5,85007,1637607753,intelcorei5-10400f,32,1024,nvidiageforcertx3070,DDR4,6,2.9,8,600
4.9,158806,1666730382,intelcorei9-14900kf,16,500,amdradeonrx6700xt,DDR5,24,3.2,12,800
5,55292,1651821711,amdryzen55600,16,512,amdradeonrx5700xt,DDR4,6,3500,8,500
4.5,159704,1652469780,amdryzen57500f,32,1000,nvidiageforcertx4070ti,DDR5,6,3.7,12,700
4.9,52804,1654695231,amdryzen55600,32,1024,amdradeonrx580,DDR4,6,3500,8,500
3.6,52171,1585507713,intelcorei7-10700,32,1000,nvidiageforcertx2060super,DDR3,6,3.2,8,500
4.9,63948,1654695374,intelcorei5-10400f,16,1024,nvidiageforcertx3050,DDR4,6,2900,8,500
4.5,34776,1577394118,intelxeone5-2670v3,32,1024,amdradeonrx580,DDR4,12,3.1,8,600
4.9,40879,1654694595,amdryzen52600,8,256,amdradeonrx580,DDR4,6,3400,8,500
5,16689,1700298133,intelcorei7-4790,16,120,intelhdgraphics,DDR3,4,3.6,1,400
4.9,42199,1685907150,intelxeone5-2650v2,32,1024,nvidiageforcertx2060super,DDR3,8,2.6,8,500
4.5,5027,1616097640,amda88670e,,512,amdradeonr7,DDR4,4,2.8,8,180
4.9,70040,1555439988,amdryzen53600,32,1024,nvidiageforcertx3060,DDR4,6,3.6,12,600
4.7,55745,1134469545,intelcorei7-7700,16,1000,nvidiageforcertx3060ti,DDR3,8,2.6,8,500
4.5,84353,1637606417,intelcorei5-10400f,32,1024,nvidiageforcertx4060,DDR4,6,2.9,8,600
4.7,81737,1637607331,intelcorei5-12400f,32,1024,nvidiageforcertx3060,DDR4,6,2500,12,600
4.9,58829,1654695134,intelcorei5-10400f,16,1024,nvidiageforcegtx1660super,DDR4,6,2900,6,500
4.7,119467,833227202,amdryzen55600,32,1024,nvidiageforcertx3060ti,DDR4,6,4.4,8,600
4.9,79320,1422274984,amdryzen55600,32,1024,nvidiageforcertx2060super,DDR4,6,3500,8,600
5,79549,1427466219,intelcorei5-12400f,32,1000,nvidiageforcertx4060,DDR4,6,2500,8,600
4.8,66022,1607905950,intelcorei5-11400f,16,1000,amdradeonrx6600,DDR4,6,4.4,8,500
4.9,61487,1654695189,intelcorei3-10105f,32,1024,nvidiageforcertx2060super,DDR4,4,3600,8,600
4.9,41132,1553830251,amdryzen55600,16,512,amdradeonrx580,DDR4,6,3500,8,500
4.9,65940,1685907149,intelcorei5-12400f,16,512,nvidiageforcertx3060,DDR4,6,2.5,12,500
4.9,201919,1653513277,intelcorei7-14700kf,32,2000,nvidiageforcertx4070ti,DDR5,20,3.4,12,750
4.9,80814,1666729040,intelcorei5-12400f,16,500,nvidiageforcertx3050,DDR5,6,2.5,8,600
4.5,116661,1637607608,amdryzen57500f,32,512,nvidiageforcertx3080,DDR4,6,3700,10,800
4.9,22027,1673579593,intelxeone5-2650v3,16,256,nvidiageforcegt730,DDR4,10,2.3,4,400
4.9,201919,1652469966,intelcorei7-14700kf,32,2000,nvidiageforcertx4070ti,DDR5,20,3.4,12,750
5,81447,1614658988,intelcorei5-12400f,32,1024,nvidiageforcertx4060,DDR4,6,2.5,8,600
5,21889,1234483554,intelcorei7-2600,16,512,intelhdgraphics2000,DDR3,8,3.4,2,600
4.9,167751,1666731958,intelcorei7-14700kf,32,1000,nvidiageforcertx4070super,DDR5,20,3.4,12,800
4.9,49841,1579333847,amdryzen52600,8,256,nvidiageforcegtx1650,DDR4,6,3400,4,500
4.9,165420,1463138222,intelcorei7-12700f,32,1024,nvidiageforcertx4070,DDR4,12,3600,12,800
4.9,99175,1453867607,intelcorei7-12700f,16,1024,nvidiageforcertx3060,DDR4,12,3600,12,600
4.9,45557,1421467753,intelcorei3-10105f,16,1024,amdradeonrx580,DDR4,4,3700,8,500
4.9,74414,1453188812,amdryzen55600,16,1024,nvidiageforcertx3060,DDR4,6,3500,12,600
4.5,29772,1308743872,intelcorei7-7700,32,1000,amdradeonrx580,DDR3,4,3,8,500
4.9,68057,1654695040,amdryzen55600,32,1024,nvidiageforcertx3050,DDR4,6,3500,8,500
4.9,68010,1556034032,amdryzen53600,16,512,nvidiageforcertx3050,DDR4,6,3.6,8,500
4.5,56443,1637607565,amdryzen55600,32,1024,amdradeonrx580,DDR4,6,3500,8,500
4.9,41132,1553830251,amdryzen55600,16,512,amdradeonrx580,DDR4,6,3500,8,500
4.9,52804,1654695231,amdryzen55600,32,1024,amdradeonrx580,DDR4,6,3500,8,500
5,18247,1235037654,intelcorei7-2600,16,512,intelhdgraphics2000,DDR3,8,3.4,2,500
4.5,56443,1637607565,amdryzen55600,32,1024,amdradeonrx580,DDR4,6,3500,8,500
4.9,171857,1666734486,intelcorei9-14900kf,64,1000,nvidiageforcertx3060,DDR5,24,3.2,12,800
5,89403,1431698905,intelcorei7-12700f,32,1000,nvidiageforcertx4060,DDR4,12,2.1,8,700
4.8,66022,1607905950,intelcorei5-11400f,16,1000,amdradeonrx6600,DDR4,6,4.4,8,500
5,93038,1659687913,amdryzen57600,32,256,nvidiageforcertx3070ti,DDR5,6,4,8,800
4.9,99175,1453867607,intelcorei7-12700f,16,1024,nvidiageforcertx3060,DDR4,12,3600,12,600
4.5,78599,1637607341,amdryzen53600,16,1024,nvidiageforcertx4060,DDR4,6,3.6,8,600
5,172648,1652469896,intelcorei5-14600kf,32,1000,nvidiageforcertx4070ti,DDR5,14,3.5,12,700
4.7,34161,1584178444,intelcorei7-2600,16,512,amdradeonrx580,DDR3,4,3.4,8,600
4.9,223930,1666732397,intelcorei9-14900kf,32,1000,nvidiageforcertx3080,DDR5,24,3.2,12,800
5,40029,1404635426,intelcorei7-4770,16,480,nvidiageforcegtx1050ti,DDR3,4,3.4,4,600
4.9,82167,1666725455,intelcorei5-14400f,16,1000,nvidiageforcertx3050,DDR4,10,2.5,8,600
4.8,123624,1461023469,intelcorei9-11900f,32,1000,nvidiageforcertx4070super,DDR4,16,5.2,12,750
4.5,136927,1652469579,amdryzen57500f,32,1000,nvidiageforcertx4070,DDR5,6,3.7,12,650
5,85007,1637607753,intelcorei5-10400f,32,1024,nvidiageforcertx3070,DDR4,6,2.9,8,600
4.9,16510,1579554748,intelcorei5-3470,16,480,intelhdgraphics,DDR3,4,3.2,1,600
4.6,69705,1556380448,intelcorei5-12400f,16,256,nvidiageforcertx3060,DDR4,6,2.5,12,600
4.9,246569,1653513294,intelcorei7-14700kf,32,1000,nvidiageforcertx4080super,DDR5,20,3.4,16,800
4.9,201295,1666731461,intelcorei9-14900kf,64,1000,nvidiageforcertx4060ti,DDR5,24,3.2,16,800
4.7,38041,1584197666,intelcorei7-2600,16,1024,amdradeonrx580,DDR3,4,3.4,8,600
4.9,156276,1653513746,intelcorei7-14700kf,32,2000,nvidiageforcertx4060ti,DDR5,20,3.4,8,600
4.9,77376,1418571189,intelcorei5-12400f,32,960,nvidiageforcertx3060ti,DDR4,6,2.5,8,700
5,70238,1638862671,intelcorei5-12400f,16,1000,nvidiageforcertx4060,DDR4,6,2.5,8,700
4.8,10220,1627314209,amdproa8-8650b,8,240,amdradeonr7,DDR4,4,2.8,8,600
4.7,38135,1703686143,intelcorei5-3470,16,1024,amdradeonrx580,DDR3,4,3.2,8,600
4.5,84353,1637606417,intelcorei5-10400f,32,1024,nvidiageforcertx4060,DDR4,6,2.9,8,600
4.9,69966,1678970572,intelcorei5-12400f,32,256,nvidiageforcertx2060super,DDR4,6,2500,8,650
4.5,90171,1637607099,amdryzen57500f,8,256,nvidiageforcertx4060,DDR5,6,3700,8,600
4.9,73367,1453349480,intelcorei5-10400f,16,1024,nvidiageforcertx3060,DDR4,6,2.9,12,600
5,18247,1235037654,intelcorei7-2600,16,512,intelhdgraphics2000,DDR3,8,3.4,2,500
4.9,181578,1652471167,intelcorei7-14700kf,32,2000,nvidiageforcertx4070,DDR5,20,3.4,12,700
5,155046,1625579606,intelcorei9-11900,32,1512,nvidiageforcertx4070ti,DDR4,8,2.5,12,800
5,95392,1525265659,intelcorei5-12400f,32,1000,nvidiageforcertx4060,DDR4,6,2.5,8,600
4.5,71280,1654695102,intelcorei5-10400f,32,512,nvidiageforcertx3060,DDR4,6,2.9,12,600
4.5,95651,1637607155,amdryzen57500f,16,1024,nvidiageforcertx3070,DDR4,6,3700,8,600
4.9,76100,1692933445,intelcorei5-12400f,32,960,nvidiageforcertx3060,DDR4,6,2.5,12,600
4.9,11789,1404643322,intelcorei3-3220,8,240,intelhdgraphics,DDR3,2,3.2,1,450
4.9,193915,1666729508,intelcorei7-14700kf,16,1000,nvidiageforcertx4070ti,DDR5,20,3.4,12,800
4.5,81817,1654695526,intelcorei5-10400f,32,1024,nvidiageforcertx4060,DDR4,6,2.9,8,600
5,79549,1427466219,intelcorei5-12400f,32,1000,nvidiageforcertx4060,DDR4,6,2500,8,600
5,118749,1637606918,amdryzen53600,32,1024,nvidiageforcertx4070,DDR4,6,3.6,12,800
5,33726,1164392677,amdryzen55600g,32,512,amdradeonvega7,DDR4,6,3.9,2,350
4.9,86175,1666726022,intelcorei5-14400f,16,500,nvidiageforcertx3050,DDR4,10,2.5,8,600
4.9,83312,1392929158,intelcorei5-12400f,32,1000,nvidiageforcertx4060,DDR4,6,2.5,8,600
4.5,36546,1648218521,intelcorei3-10100f,16,500,nvidiageforcegtx1050ti,DDR4,4,3.6,4,450
4.9,63010,1691177280,intelcorei7-3820,32,1024,nvidiageforcertx2060super,DDR4,8,3.8,8,600
5,93038,1659687913,amdryzen57600,32,256,nvidiageforcertx3070ti,DDR5,6,4,8,800
5,64849,1638864418,intelcorei5-12400f,16,500,nvidiageforcertx3060,DDR4,6,2.5,12,700
4.9,45950,1553830220,intelcorei5-10400f,16,512,amdradeonrx580,DDR4,6,2900,8,500
4.9,68057,1654695040,amdryzen55600,32,1024,nvidiageforcertx3050,DDR4,6,3500,8,500
5,66413,1564256220,intelcorei5-11400f,8,480,nvidiageforcertx3060,DDR4,6,2.6,12,600
5,80822,1637607419,amdryzen55600,32,512,nvidiageforcertx3070,DDR4,6,3500,8,600
4.5,12553,1616080401,amda88670e,8,480,amdradeonr7,DDR4,4,2.8,8,180
4.5,36546,1648218521,intelcorei3-10100f,16,500,nvidiageforcegtx1050ti,DDR4,4,3.6,4,450
4.9,86184,1453265037,amdryzen57500f,16,512,nvidiageforcertx3060,DDR4,6,3700,12,600
4.8,10220,1627314209,amdproa8-8650b,8,240,amdradeonr7,DDR4,4,2.8,8,600
4.9,14237,1404640126,intelcorei3-3220,16,480,intelhdgraphics,DDR3,2,3.2,1,450
5,118749,1637606918,amdryzen53600,32,1024,nvidiageforcertx4070,DDR4,6,3.6,12,800
5,96580,1665715330,amdryzen77700,32,256,nvidiageforcertx3070ti,DDR5,8,4,8,800
5,67243,1638864388,intelcorei5-12400f,16,500,nvidiageforcertx4060,DDR4,6,2.5,8,700
4.5,86555,1654694981,intelcorei5-12400f,32,1024,nvidiageforcertx4060,DDR4,6,2500,8,600
4.8,21465,1201927432,intelcorei7-2600,16,512,intelhdgraphics,DDR3,4,3.4,1,600
4.5,74283,1637607013,amdryzen55600,32,512,nvidiageforcertx3060,DDR4,6,3500,12,600
5,73427,1638864344,intelcorei5-12400f,32,1000,nvidiageforcertx4060,DDR4,6,2.5,8,700
4.9,73282,1504780820,intelcorei5-10400f,32,960,nvidiageforcertx3060ti,DDR4,6,2.9,8,700
4.5,75983,1637607517,intelcorei5-10400f,8,256,nvidiageforcertx4060,DDR4,6,2.9,8,600
4.9,49841,1579333847,amdryzen52600,8,256,nvidiageforcegtx1650,DDR4,6,3400,4,500
5,130551,1581678134,intelcorei5-13600kf,16,512,nvidiageforcertx4070,DDR4,14,3.5,12,700
4.9,62602,1553830214,amdryzen53600,32,1024,nvidiageforcertx2060super,DDR4,6,3.6,8,600
4.9,85021,1653512980,amdryzen55600x,16,2000,amdradeonrx7600,DDR4,6,3.7,8,550
4.7,38041,1584197666,intelcorei7-2600,16,1024,amdradeonrx580,DDR3,4,3.4,8,600
4.7,69419,1332838198,intelcorei5-10400f,32,960,nvidiageforcertx3050,DDR4,6,4.3,8,500
4.8,15841,1181080891,intelcorei5-3470,8,256,intelhdgraphics,DDR3,4,3.2,1,600
4.9,37389,1404727893,amdryzen54600g,16,480,amdradeonvega7,DDR4,6,3.7,2,450
5,15833,1700298282,intelcorei7-4790,8,120,intelhdgraphics,DDR3,4,3.6,1,400
4.5,73106,1637607269,amdryzen55600,16,512,nvidiageforcertx3060,DDR4,6,3500,12,600
4.5,55507,1577394089,intelxeone5-2670v3,32,512,nvidiageforcertx3060,DDR4,12,3.1,12,600
4.9,40833,969607971,amdryzen53600,16,512,amdradeonrx580,DDR4,6,3600,8,500
4.9,69966,1678970572,intelcorei5-12400f,32,256,nvidiageforcertx2060super,DDR4,6,2500,8,650
5,130551,1581678134,intelcorei5-13600kf,16,512,nvidiageforcertx4070,DDR4,14,3.5,12,700
4.8,62671,1630291067,intelcorei5-10400f,16,512,nvidiageforcertx2060super,DDR4,6,2.9,8,600
5,88119,1581678317,intelcorei5-13400f,16,256,nvidiageforcertx4060ti,DDR4,10,2.5,8,600
5,59235,1446576627,intelcorei5-10400f,32,512,nvidiageforcertx2060super,DDR4,6,4.3,8,550
4.9,148338,1653512627,intelcorei7-14700kf,64,1000,amdradeonrx7600,DDR5,20,3.4,8,600
4.9,45813,1654695082,amdryzen53600,16,512,nvidiageforcegtx1650,DDR4,6,3600,4,500
4.9,68659,1422484137,intelcorei5-10400f,32,1024,nvidiageforcertx2060super,DDR4,6,2900,8,600
4.5,82261,1637607736,amdryzen55600,16,1024,nvidiageforcertx4060,DDR4,6,3500,8,600
4.9,61648,1553830255,amdryzen55600,32,1024,nvidiageforcegtx1660super,DDR4,6,3500,6,500
4.5,95210,1654695032,intelcorei5-10400f,32,1024,nvidiageforcertx3080,DDR4,6,2.9,10,800
4.5,111572,1637607619,intelcorei5-13400f,32,1024,nvidiageforcertx3080,DDR4,10,2500,10,800
4.9,64958,1553830065,amdryzen55600,16,1024,nvidiageforcertx2060super,DDR4,6,3500,8,600
4.9,66305,1422814625,intelcorei5-10400f,16,1024,nvidiageforcertx3050,DDR4,6,2900,8,500
4.5,55507,1577394089,intelxeone5-2670v3,32,512,nvidiageforcertx3060,DDR4,12,3.1,12,600
4.9,61328,511391668,intelxeone5-2650v2,16,512,amdradeonrx580,DDR3,16,3100,8,600
4.9,47012,1404638187,amdryzen54600g,32,960,amdradeonvega7,DDR4,6,3.7,2,600
5,142384,1652468687,intelcorei5-12400f,32,1000,nvidiageforcertx3090,DDR4,6,2.5,24,850
4.9,45142,1553830030,intelcorei5-10400f,16,512,amdradeonrx580,DDR4,6,2900,8,500
4.9,76100,1692933445,intelcorei5-12400f,32,960,nvidiageforcertx3060,DDR4,6,2.5,12,600
4.5,115486,1637607669,amdryzen53600,32,512,nvidiageforcertx4070,DDR4,6,3.6,12,800
5,33726,1164392677,amdryzen55600g,32,512,amdradeonvega7,DDR4,6,3.9,2,350
4.9,64958,1553830065,amdryzen55600,16,1024,nvidiageforcertx2060super,DDR4,6,3500,8,600
5,94678,1567762802,intelcorei712700f,16,256,nvidiageforcertx3060,DDR4,12,2.9,12,600
4.5,39214,1577394245,intelxeone5-2670v3,64,1024,amdradeonrx580,DDR4,12,3.1,8,600
5,46636,597379069,intelcorei7-870,16,512,amdradeonrx570,DDR4,8,3.60,6,600
5,84028,1652469947,intelcorei5-12400f,32,1000,nvidiageforcertx3060,DDR4,6,2.5,12,550
5,55292,1651821711,amdryzen55600,16,512,amdradeonrx5700xt,DDR4,6,3500,8,500
5,16689,1700298133,intelcorei7-4790,16,120,intelhdgraphics,DDR3,4,3.6,1,400
5,85007,1637607753,intelcorei5-10400f,32,1024,nvidiageforcertx3070,DDR4,6,2.9,8,600
4.9,49320,1421159106,amdryzen53600,32,1024,amdradeonrx580,DDR4,6,3600,8,500
4.7,34161,1584178444,intelcorei7-2600,16,512,amdradeonrx580,DDR3,4,3.4,8,600
4.6,69705,1556380448,intelcorei5-12400f,16,256,nvidiageforcertx3060,DDR4,6,2.5,12,600
4.7,52945,1703624900,intelcorei5-3470,16,512,nvidiageforcegtx1660super,DDR3,4,3.2,6,600
5,52276,1637607704,amdryzen52600,32,512,amdradeonrx580,DDR4,6,2600,8,500
4.7,40707,1588931789,intelcorei7-2600,16,256,nvidiageforcegtx1660super,DDR3,4,3.4,6,600
4.9,77552,1453217121,amdryzen55600,32,1024,nvidiageforcertx3060,DDR4,6,3500,12,600
4.9,59175,1654694500,amdryzen55600,32,1024,amdradeonrx580,DDR4,6,3500,8,500
4.9,40309,1606765063,intelcorei5-9400f,16,480,nvidiageforcegtx1050ti,DDR4,6,4.1,4,400
5,18022,1700298189,intelcorei7-4790,8,480,intelhdgraphics,DDR3,4,3.6,1,400
5,36944,1508638895,intelcorei7-8700,32,500,amdradeonrx580,DDR3,10,3.6,8,500
4.9,55366,1691176785,intelcorei7-3820,16,512,nvidiageforcertx2060super,DDR4,8,3.8,8,600
4.8,82645,1200469806,amdryzen55600,32,1024,nvidiageforcertx3060,DDR4,6,3.5,12,600
5,89520,1431698846,intelcorei7-12700f,32,1000,nvidiageforcertx4060,DDR4,12,2.1,8,700
4.9,97739,1461307836,amdryzen57500f,16,1024,nvidiageforcertx3070,DDR4,6,3700,8,600
5,64849,1638864418,intelcorei5-12400f,16,500,nvidiageforcertx3060,DDR4,6,2.5,12,700
4.7,55745,1134469545,intelcorei7-7700,16,1000,nvidiageforcertx3060ti,DDR3,8,2.6,8,500
5,85569,1567053431,intelcorei5-12400f,32,1000,nvidiageforcertx4060,DDR4,6,4400,8,600
4.9,49841,1579333847,amdryzen52600,8,256,nvidiageforcegtx1650,DDR4,6,3400,4,500
5,89403,1431698905,intelcorei7-12700f,32,1000,nvidiageforcertx4060,DDR4,12,2.1,8,700
4.7,46918,1637607029,intelcorei3-10105f,8,256,amdradeonrx580,DDR4,4,3700,8,500
4.5,77602,1654694472,intelcorei5-12400f,16,1024,nvidiageforcertx3060ti,DDR4,6,2500,8,600
4.9,137058,1463109089,amdryzen55600,32,1024,nvidiageforcertx4070,DDR4,6,3500,12,800
4.9,89000,1655758891,intelcorei5-12400f,32,1000,nvidiageforcertx4060,DDR4,6,2.5,8,550
4.5,95210,1654695032,intelcorei5-10400f,32,1024,nvidiageforcertx3080,DDR4,6,2.9,10,800
5,77122,1580615141,intelcorei5-12400f,16,480,amdradeonrx7600,DDR4,6,2.5,8,600
4.9,89000,1652470733,intelcorei5-12400f,32,1000,nvidiageforcertx4060,DDR4,6,2.5,8,550
5,94035,1661576405,intelcorei5-13400f,32,1000,nvidiageforcertx4060,DDR4,10,4.0,8,700
4.9,68010,1556034032,amdryzen53600,16,512,nvidiageforcertx3050,DDR4,6,3.6,8,500
4.9,92925,1612206638,intelcorei5-13400f,32,960,nvidiageforcertx3060ti,DDR4,10,2.5,8,700
4.5,115983,1654694514,amdryzen55600,32,1024,nvidiageforcertx4070,DDR4,6,3500,12,800
5,154097,1612350397,intelcorei5-14400f,32,1024,nvidiageforcertx4060ti,DDR5,10,2.5,8,600
5,67243,1638864388,intelcorei5-12400f,16,500,nvidiageforcertx4060,DDR4,6,2.5,8,700
4.9,45813,1553830103,amdryzen53600,32,512,amdradeonrx580,DDR4,6,3600,8,500
4.9,93824,1461625144,amdryzen57500f,16,512,nvidiageforcertx4060,DDR5,6,3700,8,600
4.8,70603,1653719167,amdryzen53600,32,1000,nvidiageforcertx3060,DDR4,6,3.6,12,550
4.9,37384,1404640192,intelcorei7-2600,16,960,nvidiageforcegtx1050ti,DDR3,4,3.4,4,600
5,94035,1661576405,intelcorei5-13400f,32,1000,nvidiageforcertx4060,DDR4,10,4.0,8,700
4.5,77602,1654694472,intelcorei5-12400f,16,1024,nvidiageforcertx3060ti,DDR4,6,2500,8,600
5,98931,1427466707,intelcorei5-12400f,32,1000,nvidiageforcertx4060ti,DDR4,6,2500,16,600
4.5,67910,1654694932,amdryzen53600,16,512,nvidiageforcertx3060,DDR4,6,3.6,12,600
5,95782,1637607701,amdryzen57500f,32,1024,nvidiageforcertx3060,DDR4,6,3700,12,600
4.9,165134,1555440175,intelcorei7-12700f,32,1024,nvidiageforcertx4070ti,DDR4,12,3600,12,800
4.9,58044,1418571193,intelcorei5-10400f,16,480,nvidiageforcegtx1660super,DDR4,6,2.9,6,600
4,55704,650524667,intelcorei5-10400f,8,480,nvidiageforcertx3050,DDR4,6,2.9,8,600
4.9,45148,1654695420,amdryzen52600,8,256,nvidiageforcegtx1660super,DDR4,6,3400,6,500
4.7,54422,1335460896,intelcorei5-11400f,16,480,nvidiageforcegtx1650,DDR4,6,4.4,4,400
4.9,78696,1421953946,intelcorei5-12400f,32,960,nvidiageforcertx3060,DDR4,6,2.5,12,700
4.9,51930,1654695323,intelcorei5-10400f,32,512,nvidiageforcegtx1650,DDR4,6,2900,4,500
4.9,75198,1453377915,intelcorei5-10400f,32,512,nvidiageforcertx3060,DDR4,6,2.9,12,600
4.9,55549,1654695122,amdryzen55600,32,512,amdradeonrx580,DDR4,6,3500,8,500
4.5,72060,1637607236,amdryzen53600,8,256,nvidiageforcertx3070,DDR4,6,3.6,8,600
4.9,56285,1654695220,amdryzen52600,16,512,nvidiageforcertx3050,DDR4,6,3400,8,500
4.5,67910,1654694932,amdryzen53600,16,512,nvidiageforcertx3060,DDR4,6,3.6,12,600
4.9,46560,1579560026,amdryzen55600g,32,960,amdradeonvega7,DDR4,6,3.9,2,450
4.5,98914,1637607458,amdryzen57500f,16,1024,nvidiageforcertx4060,DDR5,6,3700,8,600
5,93038,1659687913,amdryzen57600,32,256,nvidiageforcertx3070ti,DDR5,6,4,8,800
5,81447,1614658988,intelcorei5-12400f,32,1024,nvidiageforcertx4060,DDR4,6,2.5,8,600
4.9,46962,1654695388,amdryzen55600,16,512,amdradeonrx580,DDR4,6,3500,8,500
4.9,49857,1654695207,intelcorei5-10400f,16,1024,amdradeonrx580,DDR4,6,2900,8,500
4.9,83996,1579559680,intelcorei5-12400f,32,960,nvidiageforcertx3060ti,DDR4,6,2.5,8,700
4.9,55549,1654695122,amdryzen55600,32,512,amdradeonrx580,DDR4,6,3500,8,500
4.8,21931,1239775638,intelcorei7-2600,16,1024,intelhdgraphics,DDR3,4,3.4,1,450
5,96657,883694741,amdryzen75800x,32,1000,nvidiageforcertx3060,DDR4,8,3800,12,600
4.9,71323,857167071,intelcorei7-5820k,32,1000,nvidiageforcegtx1660super,DDR4,12,3.60,6,500
4.5,78599,1637607341,amdryzen53600,16,1024,nvidiageforcertx4060,DDR4,6,3.6,8,600
4.9,48827,1553830247,amdryzen55600,16,1024,amdradeonrx580,DDR4,6,3500,8,500
4.9,70644,1555440078,amdryzen53600,16,1024,nvidiageforcertx3060ti,DDR4,6,3.6,8,600
4.9,45813,1553830103,amdryzen53600,32,512,amdradeonrx580,DDR4,6,3600,8,500
5,118749,1637606918,amdryzen53600,32,1024,nvidiageforcertx4070,DDR4,6,3.6,12,800
5,99719,1652470887,intelcorei5-12400f,32,1000,nvidiageforcertx4060ti,DDR4,6,2.5,8,550
4.7,33626,1576264383,intelxeone5-2650v2,32,1024,amdradeonrx580,DDR3,8,2.6,8,600
4.9,53061,1209405814,intelcorei3-10100f,16,512,nvidiageforcegtx1660super,DDR4,4,3.6,6,600
4.9,70644,1555440078,amdryzen53600,16,1024,nvidiageforcertx3060ti,DDR4,6,3.6,8,600
4.5,56443,1637607565,amdryzen55600,32,1024,amdradeonrx580,DDR4,6,3500,8,500
4.5,82522,1637607383,amdryzen57500f,8,256,nvidiageforcertx3060,DDR4,6,3700,12,600
4.5,52979,1637607551,amdryzen53600,16,1024,amdradeonrx580,DDR4,6,3600,8,500
4.9,56285,1654695220,amdryzen52600,16,512,nvidiageforcertx3050,DDR4,6,3400,8,500
4.7,46212,1664983309,intelxeone5-2650v2,32,1024,nvidiageforcegtx1660super,DDR3,8,2.6,6,600
5,74395,1600291770,amdryzen55600,16,1024,nvidiageforcertx4060,DDR4,6,4.4,8,600
5,12464,1694851652,intelcorei5-2320,8,240,intelgraphics,DDR3,4,3.7,1,350
4.5,5027,1616097640,amda88670e,,512,amdradeonr7,DDR4,4,2.8,8,180
4.8,12972,1215207836,intelcorei5-2400,8,240,intelhdgraphics,DDR3,4,3.1,1,400
4.9,83261,1465284898,intelcorei7-5820k,32,1000,nvidiageforcertx3050,DDR4,12,3.60,8,600
4.9,84229,1555440054,intelcorei5-12400f,32,1024,nvidiageforcertx3060,DDR4,6,2500,12,600
4.5,115983,1654694514,amdryzen55600,32,1024,nvidiageforcertx4070,DDR4,6,3500,12,800
4.5,90171,1637607099,amdryzen57500f,8,256,nvidiageforcertx4060,DDR5,6,3700,8,600
4.8,16495,1557363008,intelcorei7-2600,16,256,intelhdgraphics,DDR3,4,3.4,1,600
4.9,40833,969607971,amdryzen53600,16,512,amdradeonrx580,DDR4,6,3600,8,500
4.9,63469,1547074421,intelcorei5-10400f,32,960,nvidiageforcegtx1050ti,DDR4,6,2900,4,600
4.9,84926,1504837158,intelcorei5-12400f,32,960,nvidiageforcertx3060ti,DDR4,6,2.5,8,700
5,31418,1567052203,amdryzen55600g,16,512,amdradeonvega7,DDR4,6,4400,2,450
4.5,34776,1577394118,intelxeone5-2670v3,32,1024,amdradeonrx580,DDR4,12,3.1,8,600
4.9,165134,1555440175,intelcorei7-12700f,32,1024,nvidiageforcertx4070ti,DDR4,12,3600,12,800
4.9,37389,1404727893,amdryzen54600g,16,480,amdradeonvega7,DDR4,6,3.7,2,450
4.9,51930,1654695323,intelcorei5-10400f,32,512,nvidiageforcegtx1650,DDR4,6,2900,4,500
4.9,99650,1462121916,intelcorei7-12700f,32,1024,nvidiageforcertx4060,DDR4,12,3600,8,600
5,73089,1652468688,intelcorei5-12400f,16,2000,nvidiageforcegtx1660super,DDR4,6,2.6,6,450
4.8,21465,1201927432,intelcorei7-2600,16,512,intelhdgraphics,DDR3,4,3.4,1,600
5,47904,1581678245,amdryzen75700g,32,512,amdradeonvega8,DDR4,8,3.7,8,500
5,73427,1638864344,intelcorei5-12400f,32,1000,nvidiageforcertx4060,DDR4,6,2.5,8,700
5,30888,896661702,intelxeone5-2670v3,16,512,amdradeonrx570,DDR4,24,3.1,8,600
5,87361,1650302456,amdryzen55600,32,1024,nvidiageforcertx4060,DDR4,6,3500,8,600
4.9,49857,1654695207,intelcorei5-10400f,16,1024,amdradeonrx580,DDR4,6,2900,8,500
5,67908,833226966,amdryzen55600,16,1024,nvidiageforcertx3060,DDR4,6,4.4,12,600
4.9,47485,1608420861,intelcorei5-3470,16,480,nvidiageforcegtx1660super,DDR3,4,3.2,6,600
4.5,73367,1637606968,intelcorei5-12400f,8,256,nvidiageforcertx3060,DDR4,6,2500,12,600
4.9,99175,1453867607,intelcorei7-12700f,16,1024,nvidiageforcertx3060,DDR4,12,3600,12,600
4.9,52268,1421118909,amdryzen55600,32,1024,amdradeonrx580,DDR4,6,3500,8,500
4.9,95912,1453860876,intelcorei7-12700f,16,512,nvidiageforcertx3060,DDR4,12,3600,12,600
4.5,67415,1637607604,intelcorei3-10105f,16,512,nvidiageforcertx3050,DDR4,4,3600,8,500
4.9,61648,1553830255,amdryzen55600,32,1024,nvidiageforcegtx1660super,DDR4,6,3500,6,500
4.5,121359,1637607241,intelcorei7-12700f,16,1024,nvidiageforcertx3080,DDR4,12,3600,10,800
4.5,84353,1637606417,intelcorei5-10400f,32,1024,nvidiageforcertx4060,DDR4,6,2.9,8,600
4.9,97870,1453312328,amdryzen57500f,32,1024,nvidiageforcertx3060,DDR4,6,3700,12,600
4.9,45148,1654695420,amdryzen52600,8,256,nvidiageforcegtx1660super,DDR4,6,3400,6,500
4.9,72277,1555440238,amdryzen55600,16,512,nvidiageforcertx3060ti,DDR4,6,3500,8,600
4.9,101460,1144119469,intelcorei7-9700f,32,1000,nvidiageforcertx3060,DDR4,8,4.70,12,600
4.6,41210,1598390119,intelcorei7-4770,16,1024,nvidiageforcertx2060super,DDR4,4,3.4,8,500
4.7,6611,1587785521,amda10-7800,8,512,amdradeonr7,DDR3,4,3500,8,300
4.3,13566,1651735447,intelcorei5-3570,8,128,nvidiageforcegt610,DDR3,4,3.4,2,350
4.7,5181,1428985477,intelcorei3-2100,8,120,intelhdgraphics2000,DDR3,4,3500,2,300
5,36944,1508638895,intelcorei7-8700,32,500,amdradeonrx580,DDR3,10,3.6,8,500
4.7,26566,1449768246,intelxeone5-2650v2,32,1024,amdradeonrx580,DDR3,8,3.4,8,500
4.6,20051,1600399674,intelxeone5-2650v2,32,1024,nvidiageforcegt730,DDR3,8,2.6,4,450
5,83906,1591633330,intelcorei7-7700,32,960,nvidiageforcertx4060,DDR4,4,3600,8,700
4.9,21684,1499658403,intelxeone5-2650v2,32,1024,nvidiageforcegt730,DDR3,8,2.6,4,500
5,9259,1627308358,amda10-7800,8,240,amdradeonr7,DDR3,4,3.5,8,200
4.7,59358,1678819725,intelxeone5-2650v3,32,1024,nvidiageforcertx3060,DDR4 Reg,10,2.3,12,600
5,16129,1683042352,intelcorei5-2400,16,256,intelhdgraphics,DDR3,4,3.1,1,600
4.9,18028,1418571194,intelcorei5-3470,16,960,intelhdgraphics,DDR3,4,3.2,1,600
4.9,13988,1404635417,intelcorei5-4570,8,240,intelhdgraphics,DDR3,4,3.2,1,600
4.9,71323,857167071,intelcorei7-5820k,32,1000,nvidiageforcegtx1660super,DDR4,12,3.60,6,500
4.8,25670,1650529831,intelcorei7-7700,16,512,amdradeonrx580,DDR3,8,3.4,8,500
4.9,30125,1695481883,intelxeone5-2650v2,16,512,amdradeonrx580,DDR4,8,2.7,8,500
4.7,6009,1590377993,amdproa8-8650b,8,240,amdradeonr7,DDR3,4,3900,8,300
4.7,40707,1588931789,intelcorei7-2600,16,256,nvidiageforcegtx1660super,DDR3,4,3.4,6,600
4.9,92925,1612206638,intelcorei5-13400f,32,960,nvidiageforcertx3060ti,DDR4,10,2.5,8,700
4.9,15493,1404643369,intelcorei5-3470,16,480,intelhdgraphics,DDR3,4,3.2,1,600
4.8,33210,1599136573,intelcorei7-3770,16,1024,nvidiageforcegtx1660super,DDR3,4,3.4,6,500
4.8,11142,1472136445,intelcorei5-3470,16,240,intelhdgraphics,DDR3,4,3.2,1,400
4.9,77044,1664283779,intelcorei7-7700,64,1024,nvidiageforcertx4060,DDR3,8,3.4,8,550
4.8,27730,1635333593,intelxeone5-2650v2,16,512,amdradeonrx580,DDR3,8,3.4,8,500
4.9,36200,1603753722,intelcorei7-7700,32,1024,nvidiageforcegtx1660super,DDR3,8,3.4,8,700
4.5,6728,1637785322,amda10-6700,16,240,amdradeon,DDR3,4,3.7,8,240
4.4,30010,1628242860,intelxeone5-2666v3,16,512,amdradeonrx580,DDR4 Reg,10,2.9,8,500
4.9,22443,1329571807,intelcorei5-2400,16,512,nvidiageforcegtx1050ti,DDR3,4,3.4,4,500
4.9,83261,1465284898,intelcorei7-5820k,32,1000,nvidiageforcertx3050,DDR4,12,3.60,8,600
4.8,21931,1239775638,intelcorei7-2600,16,1024,intelhdgraphics,DDR3,4,3.4,1,450
4.7,5505,1590381111,amdproa8-8650b,16,120,amdradeonr7,DDR3,4,3900,8,300
4.9,62378,1664288428,intelcorei7-7700,32,1024,nvidiageforcertx4060,DDR3,8,3.4,8,700
4.8,27333,1404635467,intelcorei5-6500,32,960,intelhdgraphics,DDR4,4,3.2,1,600
4.8,10730,1215207875,intelcorei5-2400,16,480,intelhdgraphics,DDR3,4,3.1,1,400
4.8,30018,1599134778,intelxeone5-2650v2,16,512,nvidiageforcegtx1660super,DDR3,8,2.6,6,500
4.9,83996,1579559680,intelcorei5-12400f,32,960,nvidiageforcertx3060ti,DDR4,6,2.5,8,700
4.9,46560,1579560026,amdryzen55600g,32,960,amdradeonvega7,DDR4,6,3.9,2,450
4.7,28505,1679481673,intelxeone5-2650v2,64,1024,amdradeonrx580,DDR3,8,3.4,8,500
4.7,17925,1315664452,intelcorei5-2400,16,512,nvidiageforcegt730,DDR3,4,3.4,4,500
4.9,39325,1608417502,intelcorei7-2600,16,480,nvidiageforcegtx1660super,DDR3,4,3.4,6,600
4.7,25602,1620235589,intelxeone5-2650v2,32,512,amdradeonrx580,DDR3,8,3.4,8,500
4.7,51548,850259096,intelxeone5-2650v2,32,1024,nvidiageforcertx3060,DDR4,6,2.6,12,600
4.8,24212,1329565946,intelxeone5-2650v2,16,512,nvidiageforcegtx1060,DDR3,8,3.4,6,500
4.7,17172,1366202965,intelcorei5-6600,16,480,intelhdgraphics,DDR4,4,3.30,1,600
4.9,84926,1504837158,intelcorei5-12400f,32,960,nvidiageforcertx3060ti,DDR4,6,2.5,8,700
4.9,40632,1433209921,intelcorei7-2600,16,960,nvidiageforcegtx1050ti,DDR3,4,3.4,4,600
4.6,23248,1198736728,intelxeone5-2650v2,32,512,amdradeonrx580,DDR3,8,2.6,8,500
4.9,26894,1637270460,intelcorei7-3770,16,1024,amdradeonrx580,DDR3,8,3.9,8,600
4.6,17709,1315711243,intelxeone5-2650v2,16,256,nvidiageforcegt730,DDR3,8,3.4,4,500
4.5,21369,1499590938,intelcorei5-2400,16,256,nvidiageforcegtx1050ti,DDR3,4,3.4,4,500
5,33981,1134470169,intelcorei7-7700,16,512,nvidiageforcegtx1660super,DDR3,8,2.6,6,500
4.3,15020,1651735367,intelcorei5-3570,16,256,nvidiageforcegt610,DDR3,4,3.4,2,350
4.8,37248,1607781825,intelcorei7-7700,32,512,nvidiageforcegtx1050ti,DDR4,12,2.6,4,600
4.8,15731,1271880807,intelcorei7-3770,16,512,intelhdgraphics4000,DDR3,4,3.4,8,450
4.6,18409,1315711257,intelxeone5-2650v2,32,512,nvidiageforcegt730,DDR3,8,3.4,4,500
4.9,30908,1695481928,intelxeone5-2650v2,32,512,amdradeonrx580,DDR4,8,2.7,8,500
4.6,26148,1555148682,intelcorei7-7700,32,1024,amdradeonrx580,DDR3,8,2.6,8,500
4.7,13424,1590384724,amda10-7800,32,512,amdradeonr7,DDR3,4,3900,8,300
4.8,27280,1580785351,intelxeone5-2650v2,32,512,amdradeonrx580,DDR3,8,3.4,8,500
4.8,26980,1650524028,intelcorei7-7700,32,512,amdradeonrx580,DDR3,8,3.4,8,500
4.8,70603,1653719167,amdryzen53600,32,1000,nvidiageforcertx3060,DDR4,6,3.6,12,550
5,54503,1569198242,intelcorei3-12100f,16,960,nvidiageforcertx2060super,DDR4,4,3.3,8,600
5,52140,1649767704,intelxeone5-2650v2,64,1024,nvidiageforcertx3060,DDR3,8,3.4,12,600
4.9,31004,1664285624,intelcorei7-7700,32,1024,amdradeonrx580,DDR3,8,3.4,8,700
4.8,20717,1234481473,intelcorei7-2600,16,512,intelhdgraphics,DDR3,4,3.4,1,600
4.5,5954,1647847805,amdproa8-8650b,16,120,amdradeonr7,DDR3,4,3.2,8,240
4.9,19037,1591056030,intelcorei5-4570,16,960,intelhdgraphics,DDR3,4,3.2,1,600
4.3,16092,1651735435,intelcorei5-3570,16,512,nvidiageforcegt610,DDR3,4,3.4,2,350
4.7,5385,1590375278,amdproa8-8650b,8,120,amdradeonr7,DDR3,4,3900,8,300
4.8,28479,1635341488,intelxeone5-2650v2,32,512,amdradeonrx580,DDR3,8,3.4,8,500
4.8,16495,1557363008,intelcorei7-2600,16,256,intelhdgraphics,DDR3,4,3.4,1,600
4.8,26531,1608842557,intelxeone5-2650v2,16,512,amdradeonrx580,DDR3,8,3.4,8,500
4.7,24892,1473843029,intelxeone5-2650v2,32,512,amdradeonrx580,DDR3,8,3.4,8,500
4.7,35451,1584178464,intelcorei7-2600,16,1024,amdradeonrx580,DDR3,4,3.4,8,600
4.7,37195,1630417220,intelxeone5-2650v4,16,512,nvidiageforcertx2060,DDR4 Reg,12,2.9,6,500
4.8,37189,1407038905,intelcorei5-10400f,64,512,amdradeonrx580,DDR3,10,3.5,16,600
4.9,16283,1404643079,intelcorei5-4570,16,480,intelhdgraphics,DDR3,4,3.2,1,600
4.7,14616,1276057653,intelcorei7-2600,16,512,intelhdgraphics2000,DDR3,4,3.8,2,400
4.7,30630,796327687,intelcorei7-2600,16,512,nvidiageforcegt730,DDR3,4,3.4,4,600
4.9,40189,1634394880,intelxeone5-2640v2,16,512,amdradeonrx580,DDR3,8,2.5,8,600
4.9,55577,1664285471,intelcorei7-7700,32,1024,nvidiageforcertx3060ti,DDR3,8,3.4,8,700
5,47904,1581678245,amdryzen75700g,32,512,amdradeonvega8,DDR4,8,3.7,8,500
4.9,61328,511391668,intelxeone5-2650v2,16,512,amdradeonrx580,DDR3,16,3100,8,600
4.8,26656,1599141310,intelcorei7-3770,16,512,amdradeonrx580,DDR3,4,3.4,8,500
5,94678,1567762802,intelcorei712700f,16,256,nvidiageforcertx3060,DDR4,12,2.9,12,600
4.9,33439,1664285478,intelcorei7-7700,64,1024,amdradeonrx580,DDR3,8,3.4,8,700
5,12234,1674767674,intelcorei3-9100,8,256,inteluhdgraphics630,DDR4,4,3.6,8,300
5,31418,1567052203,amdryzen55600g,16,512,amdradeonvega7,DDR4,6,4400,2,450
4.9,78696,1421953946,intelcorei5-12400f,32,960,nvidiageforcertx3060,DDR4,6,2.5,12,700
4.9,13244,1418571195,intelcorei5-3470,8,240,intelhdgraphics,DDR3,4,3.2,1,600
4.9,46452,1664283879,intelcorei7-7700,32,1024,nvidiageforcertx2060super,DDR3,8,3.4,8,700
4.7,46212,1664983309,intelxeone5-2650v2,32,1024,nvidiageforcegtx1660super,DDR3,8,2.6,6,600
5,63705,650318309,intelcorei5-10400f,16,256,nvidiageforcertx3050,DDR4,6,2.9,8,600
5,40864,1404643265,intelcorei7-4770,16,960,nvidiageforcegtx1050ti,DDR3,4,3.4,4,600
5,85569,1567053431,intelcorei5-12400f,32,1000,nvidiageforcertx4060,DDR4,6,4400,8,600
4.7,6611,1587785521,amda10-7800,8,512,amdradeonr7,DDR3,4,3500,8,300
4.6,29862,1678819840,intelcorei7-9700,32,1024,amdradeonrx580,DDR4 Reg,10,2.3,8,500
4.7,30630,796327687,intelcorei7-2600,16,512,nvidiageforcegt730,DDR3,4,3.4,4,600
5,50769,961407787,amdryzen51600,16,1000,nvidiageforcertx2060super,DDR4,6,4200,8,600
4.8,64682,747932192,intelcorei5-10400f,16,512,nvidiageforcertx2060super,DDR4,6,2.9,8,600
4.8,34447,1688761597,intelcorei7-7700,64,1024,amdradeonrx580,DDR3,8,3.4,8,700
4.5,58193,1577394049,intelxeone5-2670v3,32,1024,nvidiageforcertx3060,DDR4,12,3.1,12,600
4.3,25728,1580128849,intelxeone5-2650v2,32,512,amdradeonrx580,DDR3,8,3.4,8,500
5,73089,1652468688,intelcorei5-12400f,16,2000,nvidiageforcegtx1660super,DDR4,6,2.6,6,450
4.8,45252,1678819785,intelxeone5-2650v3,32,1024,nvidiageforcertx2060super,DDR4 Reg,10,2.3,8,500
4.7,17181,1317037811,intelcorei7-2600,16,1024,intelhdgraphics2000,DDR3,4,3.8,2,400
5,31418,1567052203,amdryzen55600g,16,512,amdradeonvega7,DDR4,6,4400,2,450
4.7,37195,1630417220,intelxeone5-2650v4,16,512,nvidiageforcertx2060,DDR4 Reg,12,2.9,6,500
5,35323,1580314158,intelcorei7-7700,32,1000,nvidiageforcegtx1660super,DDR3,4,3600,6,500
4.9,15411,1421954819,intelcorei5-2400,16,480,intelhdgraphics,DDR3,4,3.1,1,450
4.7,9131,1627312617,amda10-6700,8,240,amdradeonr7,DDR3,4,3.7,8,600
4.5,71406,1637607543,intelcorei5-10400f,32,1024,nvidiageforcertx3050,DDR4,6,2900,8,500
4.7,11514,1317037895,intelcorei3-2100,16,512,intelhdgraphics2000,DDR3,2,3.1,2,400
4.9,89000,1652470733,intelcorei5-12400f,32,1000,nvidiageforcertx4060,DDR4,6,2.5,8,550
4.9,46560,1579560026,amdryzen55600g,32,960,amdradeonvega7,DDR4,6,3.9,2,450
5,66772,1431699460,intelcorei5-12400f,16,500,nvidiageforcertx4060,DDR4,6,2.5,8,700
4.5,5881,1637782945,amda10-6700,8,120,amdradeon,DDR3,4,3.7,8,240
4.7,46212,1664983309,intelxeone5-2650v2,32,1024,nvidiageforcegtx1660super,DDR3,8,2.6,6,600
4.7,24690,1449774619,intelxeone5-2650v2,16,512,amdradeonrx580,DDR3,8,3.4,8,500
5,63705,650318309,intelcorei5-10400f,16,256,nvidiageforcertx3050,DDR4,6,2.9,8,600
4.6,13329,1491181857,intelcorei5-6500,8,240,intelhdgraphics530,DDR4,4,3.6,8,450
4.9,61328,511391668,intelxeone5-2650v2,16,512,amdradeonrx580,DDR3,16,3100,8,600
4.6,35527,1410570400,intelcorei7-2600,16,512,amdradeonrx580,DDR3,4,3.4,8,600
4.7,11571,1431873140,intelcorei5-2300,16,512,intelhdgraphics620,DDR3,4,3100,8,300
5,40864,1404643265,intelcorei7-4770,16,960,nvidiageforcegtx1050ti,DDR3,4,3.4,4,600
5,18881,1700298265,intelcorei7-4790,16,480,intelhdgraphics,DDR3,4,3.6,1,400
3.6,35926,1585496714,intelcorei7-10700,32,1000,nvidiageforcegtx1660super,DDR3,6,3.2,6,500
4.9,40632,1433209921,intelcorei7-2600,16,960,nvidiageforcegtx1050ti,DDR3,4,3.4,4,600
2.5,37160,1637158367,intelxeone5-2650v2,32,512,nvidiageforcegtx1660super,DDR4,8,3.4,6,500
4.4,28915,1690500210,intelxeone5-2666v3,16,512,amdradeonrx580,DDR4 Reg,10,2.9,8,500
5,142384,1652468687,intelcorei5-12400f,32,1000,nvidiageforcertx3090,DDR4,6,2.5,24,850
4.3,13566,1651735447,intelcorei5-3570,8,128,nvidiageforcegt610,DDR3,4,3.4,2,350
4.4,12511,937978691,intelcorei5-3470,16,480,intelhdgraphics2000,DDR3,4,3.2,2,400
4.7,17172,1366202965,intelcorei5-6600,16,480,intelhdgraphics,DDR4,4,3.30,1,600
4.5,9930,1609954989,intelcorei5-2300,8,120,intelhdgraphics2000,DDR3,4,3100,1,400
4.7,5867,1429035420,intelcorei3-2100,16,120,intelhdgraphics2000,DDR3,4,3500,2,300
4.5,20898,1497929193,intelcorei5-2400,16,128,nvidiageforcegtx1050ti,DDR3,4,3.4,4,500
4.5,96434,1637606835,amdryzen55600,16,1024,nvidiageforcertx3080,DDR4,6,3500,10,800
5,85569,1567053431,intelcorei5-12400f,32,1000,nvidiageforcertx4060,DDR4,6,4400,8,600
4.7,65175,1449738281,amdryzen53600,32,1000,nvidiageforcertx3060,DDR4,6,3.6,12,600
4.9,13356,1421954378,intelcorei5-2400,8,240,intelhdgraphics,DDR3,4,3.1,1,600
4.7,54661,1135599136,intelcorei7-9700,16,1000,nvidiageforcertx3060ti,DDR4,10,2.3,8,500
4.7,12930,1590383397,amdproa8-8650b,16,512,amdradeonr7,DDR3,4,3900,8,300
4.9,76375,1454009853,amdryzen55600,16,1024,nvidiageforcertx3060ti,DDR4,6,3500,8,600
4.8,12150,1215207887,intelcorei5-2400,16,240,intelhdgraphics,DDR3,4,3.1,1,400
4.7,14616,1276057653,intelcorei7-2600,16,512,intelhdgraphics2000,DDR3,4,3.8,2,400
4.6,25065,1598426947,intelcorei7-2600,16,512,amdradeonrx580,DDR3,4,3.4,8,500
4.7,6756,1590379596,amdproa8-8650b,8,512,amdradeonr7,DDR3,4,3900,8,300
5,85057,1193131205,intelcorei5-12400f,32,960,nvidiageforcertx4060,DDR4,6,2.5,8,700
4.9,70435,857423824,intelcorei7-5820k,32,1000,nvidiageforcegtx1660super,DDR4,12,3.60,6,500
4.4,29710,1628976889,intelxeone5-2666v3,16,512,amdradeonrx580,DDR4 Reg,10,2.9,8,500
4.9,27458,1636358027,intelcorei5-10400f,8,480,amdradeonrx5500,DDR4,6,2900,4,600
4.6,65613,1600290611,intelcorei5-12400f,16,512,nvidiageforcertx3060ti,DDR4,6,2.9,8,600
4.9,83261,1465284898,intelcorei7-5820k,32,1000,nvidiageforcertx3050,DDR4,12,3.60,8,600
4.5,6301,1637781355,amda10-6700,8,240,amdradeon,DDR3,4,3.7,8,240
4.9,19037,1591056030,intelcorei5-4570,16,960,intelhdgraphics,DDR3,4,3.2,1,600
4.8,18283,772581968,intelcorei5-2400,16,512,intelhdgraphics,DDR3,4,3.1,1,600
4.7,37798,1616503300,intelxeone5-2650v2,32,512,nvidiageforcertx2060,DDR3,8,3.4,6,500
4.8,32595,1688761586,intelcorei7-7700,32,1024,amdradeonrx580,DDR3,8,3.4,8,700
4.8,31200,1344629680,intelxeone5-2650v3,16,512,nvidiageforcegtx1660super,DDR4 Reg,10,2.3,6,500
5,62617,1566846771,intelcorei5-10400f,8,256,nvidiageforcertx3060,DDR4,6,2.9,12,600
4.6,23248,1198736728,intelxeone5-2650v2,32,512,amdradeonrx580,DDR3,8,2.6,8,500
4.9,89000,1655758891,intelcorei5-12400f,32,1000,nvidiageforcertx4060,DDR4,6,2.5,8,550
4.8,21931,1239775638,intelcorei7-2600,16,1024,intelhdgraphics,DDR3,4,3.4,1,450
4.8,16495,1557363008,intelcorei7-2600,16,256,intelhdgraphics,DDR3,4,3.4,1,600
4.7,29765,1584651330,intelxeone5-2650v4,16,512,amdradeonrx580,DDR4 Reg,12,2.9,8,500
4.9,58044,1418571193,intelcorei5-10400f,16,480,nvidiageforcegtx1660super,DDR4,6,2.9,6,600
5,41703,1135899579,amdryzen51600,16,1000,nvidiageforcegtx1660super,DDR4,6,3.6,6,600
4.6,26696,1598374640,intelcorei7-4770,16,1024,nvidiageforcegtx1050ti,DDR3,4,3.4,4,500
4.8,27503,1602832288,intelcorei5-3470,16,512,amdradeonrx580,DDR3,4,3.2,8,600
4.9,17689,1604935007,intelcorei5-4570,16,480,intelhdgraphics,DDR3,4,3.2,1,600
4.7,31011,1628135419,intelxeone5-2640v4,16,512,amdradeonrx580,DDR4 Reg,10,2.4,8,500
5,7130,631283734,intelcorei3-2100,4,120,intelhdgraphics2000,DDR3,2,3100,2,400
4.6,17709,1315711243,intelxeone5-2650v2,16,256,nvidiageforcegt730,DDR3,8,3.4,4,500
5,16129,1683042352,intelcorei5-2400,16,256,intelhdgraphics,DDR3,4,3.1,1,600
4.8,27333,1404635467,intelcorei5-6500,32,960,intelhdgraphics,DDR4,4,3.2,1,600
4.8,27039,550798603,intelcoreq9505,4,128,intelhdgraphics,DDR3,4,2.8,1,450
4.9,14002,1579546775,intelcorei5-2400,8,240,intelhdgraphics,DDR3,4,3.1,1,600
5,34219,961454015,amdryzen55600g,16,1000,amdradeonvega7,DDR4,6,4.4,2,500
4.9,23232,1604934862,intelcorei5-6500,16,480,intelhdgraphics,DDR4,4,3.2,1,600
4.9,19066,1404643451,intelcorei5-4570,16,960,intelhdgraphics,DDR3,4,3.2,1,600
4.6,18119,1440372705,intelxeone5-2650v2,32,128,nvidiageforcegt730,DDR3,8,3.4,4,500
4.6,27515,1598424770,intelcorei7-2600,16,1024,amdradeonrx580,DDR3,4,3.4,8,500
4.9,67685,1654694803,intelcorei5-10400f,32,1024,nvidiageforcertx3050,DDR4,6,2900,8,500
4.9,84926,1504837158,intelcorei5-12400f,32,960,nvidiageforcertx3060ti,DDR4,6,2.5,8,700
4.7,25027,1449786292,intelxeone5-2650v2,16,256,amdradeonrx580,DDR3,8,3.4,8,500
4.6,24514,1598407194,intelcorei7-4770,16,512,amdradeonrx580,DDR3,4,3.4,8,500
4.7,35451,1584178464,intelcorei7-2600,16,1024,amdradeonrx580,DDR3,4,3.4,8,600
4.7,6436,1428994542,intelcorei3-2100,16,240,intelhdgraphics2000,DDR3,4,3500,2,300
5,62096,1564283095,intelcorei5-10400f,8,256,nvidiageforcertx3060,DDR4,6,2.9,12,600
4.7,27051,1276057660,intelcorei3-2100,16,1024,nvidiageforcegtx1050ti,DDR3,2,3.1,4,600
4.7,32054,1395059539,amdryzen55600g,16,1000,amdradeonvega7,DDR4,6,3.9,2,500
4.5,6301,1568464372,amdproa8-8650b,8,240,amdradeonr7,DDR3,4,3.2,8,240
4.8,20717,1234481473,intelcorei7-2600,16,512,intelhdgraphics,DDR3,4,3.4,1,600
4.8,37189,1407038905,intelcorei5-10400f,64,512,amdradeonrx580,DDR3,10,3.5,16,600
5,50430,1546005477,intelcorei5-10400f,16,500,nvidiageforcertx2060super,DDR4,6,2.9,6,600
4.8,52130,1607904846,intelcorei5-11400f,16,512,amdradeonrx5600xt,DDR4,6,4.4,6,450
4.7,10304,1431555426,intelcorei5-2300,16,240,intelhdgraphics620,DDR3,4,3100,8,300
3,101207,1652469098,intelcorei5-12600kf,32,1000,amdradeonrx7600xt,DDR4,10,3.7,16,600
4.9,92925,1612206638,intelcorei5-13400f,32,960,nvidiageforcertx3060ti,DDR4,10,2.5,8,700
4.7,35518,1595675036,intelxeone5-2650v2,32,512,nvidiageforcegtx1660super,DDR3,8,3.4,6,500
4.7,11571,1431873140,intelcorei5-2300,16,512,intelhdgraphics620,DDR3,4,3100,8,300
4.7,27383,1599849564,intelxeone5-2650v2,32,512,amdradeonrx580,DDR3,8,3.4,8,500
4.5,9657,1568493595,amdproa8-8650b,16,240,amdradeonr7,DDR3,4,3.2,8,240
4.7,39504,1637781327,intelxeone5-2640v4,16,512,nvidiageforcertx2060,DDR4 Reg,10,2.4,8,500
4.9,114945,1461565552,amdryzen57500f,32,512,nvidiageforcertx3080,DDR4,6,3700,10,800
4.5,21369,1499590938,intelcorei5-2400,16,256,nvidiageforcegtx1050ti,DDR3,4,3.4,4,500
4.6,23540,1344534561,intelcorei7-2600,8,256,nvidiageforcegtx1060,DDR3,4,3.8,6,500
4.6,17690,1348954322,intelcorei7-2600,16,1024,intelhdgraphics2000,DDR3,4,3.8,2,400
4.5,41771,1577394451,intelxeone5-2670v3,16,512,nvidiageforcertx2060super,DDR4,12,3.1,8,600
4.9,83996,1579559680,intelcorei5-12400f,32,960,nvidiageforcertx3060ti,DDR4,6,2.5,8,700
4.8,18559,1181082056,intelcorei5-3470,16,512,intelhdgraphics,DDR3,4,3.2,1,600
5,47904,1581678245,amdryzen75700g,32,512,amdradeonvega8,DDR4,8,3.7,8,500
4.7,25210,1637763977,intelxeone5-2650v2,16,512,amdradeonrx580,DDR3,8,3.4,8,500
4.8,13743,1117557199,intelcorei5-3470,16,512,intelhdgraphics2500,DDR3,4,3.2,8,450
5,85817,907933181,intelcorei5-12400f,32,1000,nvidiageforcertx3060,DDR4,6,4.4,12,600
4.8,48555,1600370055,intelcorei7-7700,32,512,nvidiageforcegtx1660super,DDR4,12,2.6,6,600
5,133459,1581678242,intelcorei5-13600kf,16,1000,nvidiageforcertx4070,DDR4,14,3.5,12,700
4.7,46728,1136208758,intelcorei7-2600,16,1024,nvidiageforcegtx1660super,DDR3,4,3.4,6,600
4.8,11142,1472136445,intelcorei5-3470,16,240,intelhdgraphics,DDR3,4,3.2,1,400
5,94678,1567762802,intelcorei712700f,16,256,nvidiageforcertx3060,DDR4,12,2.9,12,600
4.5,5881,1577628048,amdproa8-8650b,8,120,amdradeonr7,DDR3,4,3.2,8,240
4.7,9964,1276057659,intelcorei3-3220,8,256,intelhdgraphics2000,DDR3,2,3.3,2,400
5,36944,1508638895,intelcorei7-8700,32,500,amdradeonrx580,DDR3,10,3.6,8,500
4.9,78696,1421953946,intelcorei5-12400f,32,960,nvidiageforcertx3060,DDR4,6,2.5,12,700
4.9,71323,857167071,intelcorei7-5820k,32,1000,nvidiageforcegtx1660super,DDR4,12,3.60,6,500
5,99719,1652470887,intelcorei5-12400f,32,1000,nvidiageforcertx4060ti,DDR4,6,2.5,8,550
4.9,68460,1693972058,amdryzen77840hs,32,1000,amdradeon780m,DDR5,8,3.8,8,600
5,46560,1459016636,intelcorei7-4770,16,960,nvidiageforcegtx1050ti,DDR3,4,3.4,4,600
2.5,27756,1645422883,intelxeone5-2650v2,32,512,amdradeonrx580,DDR4,8,3.4,8,500
4.8,11142,1472136445,intelcorei5-3470,16,240,intelhdgraphics,DDR3,4,3.2,1,400
4.9,83996,1579559680,intelcorei5-12400f,32,960,nvidiageforcertx3060ti,DDR4,6,2.5,8,700
4.5,76506,1637607057,intelcorei5-10400f,32,1024,nvidiageforcertx3060,DDR4,6,2.9,12,600
4.8,13058,1472144651,intelcorei5-3470,16,480,intelhdgraphics,DDR3,4,3.2,1,400
4.9,167751,1666731958,intelcorei7-14700kf,32,1000,nvidiageforcertx4070super,DDR5,20,3.4,12,800
4.5,11081,1609958701,intelcorei5-2300,8,240,intelhdgraphics2000,DDR3,4,3100,1,400
4.9,86175,1666726022,intelcorei5-14400f,16,500,nvidiageforcertx3050,DDR4,10,2.5,8,600
4.9,92925,1612206638,intelcorei5-13400f,32,960,nvidiageforcertx3060ti,DDR4,10,2.5,8,700
4.8,16495,1557363008,intelcorei7-2600,16,256,intelhdgraphics,DDR3,4,3.4,1,600
4.6,24753,1344540612,intelxeone5-2650v2,32,512,nvidiageforcegt730,DDR3,8,2.6,4,500
4.6,13878,1348955692,intelcorei3-2100,16,512,intelhdgraphics2000,DDR3,2,3.1,2,400
4.8,27333,1404635467,intelcorei5-6500,32,960,intelhdgraphics,DDR4,4,3.2,1,600
4.7,12887,1604840265,intelcorei7-4770,8,512,intelhdgraphics4600,DDR3,4,3.9,2,400
5,85569,1567053431,intelcorei5-12400f,32,1000,nvidiageforcertx4060,DDR4,6,4400,8,600
4.9,28000,1618108402,intelxeone5-2660v3,16,512,amdradeonrx580,DDR4,10,3.5,8,500
5,93358,1226000359,intelcorei7-12700f,32,1000,nvidiageforcertx4060,DDR4,12,3600,8,600
5,94678,1567762802,intelcorei712700f,16,256,nvidiageforcertx3060,DDR4,12,2.9,12,600
5,78928,1600290559,intelcorei5-12400f,32,1024,nvidiageforcertx4060,DDR4,6,2.5,8,600
4.5,70098,1637607573,intelcorei5-10400f,16,512,nvidiageforcertx3060,DDR4,6,2.9,12,600
4.9,20091,1705569083,intelcorei5-4570,16,512,intelhdgraphics4600,DDR3,4,3.4,2,450
5,46560,1459016636,intelcorei7-4770,16,960,nvidiageforcegtx1050ti,DDR3,4,3.4,4,600
4.5,95390,1637607095,intelcorei5-10400f,16,1024,nvidiageforcertx3080,DDR4,6,2.9,10,800
4.5,70098,1637607573,intelcorei5-10400f,16,512,nvidiageforcertx3060,DDR4,6,2.9,12,600
4.5,11532,1579950550,amdproa8-8650b,16,480,amdradeonr7,DDR3,4,3.2,8,240
5,58744,800015471,amdryzen55600x,16,480,nvidiageforcertx3050,DDR4,6,3700,8,600
4.7,35451,1584180718,intelcorei7-2600,16,1024,amdradeonrx580,DDR3,4,3.4,8,600
4.9,202718,1666732982,intelcorei9-14900kf,64,500,nvidiageforcertx4070,DDR5,24,3.2,12,800
4.9,19066,1404643451,intelcorei5-4570,16,960,intelhdgraphics,DDR3,4,3.2,1,600
4.9,54613,1637329148,amdryzen55500,16,512,nvidiageforcertx2060super,DDR4,6,3600,8,600
5,63705,650318309,intelcorei5-10400f,16,256,nvidiageforcertx3050,DDR4,6,2.9,8,600
4.5,12264,1609964506,intelcorei5-2300,16,240,intelhdgraphics2000,DDR3,4,3100,1,400
4.8,88925,1688550218,intelcorei7-7700,32,1024,nvidiageforcertx4060,DDR3,8,3.4,8,700
4.9,39658,1404638094,amdryzen54600g,32,960,amdradeonvega7,DDR4,6,3.7,2,600
4.7,46212,1664983309,intelxeone5-2650v2,32,1024,nvidiageforcegtx1660super,DDR3,8,2.6,6,600
4.9,46560,1454671288,intelcorei3-12100,8,256,inteluhdgraphics730,DDR4,4,3.3,8,400
4.8,22313,1404643184,intelcorei5-6500,16,480,intelhdgraphics,DDR4,4,3.2,1,600
4.9,61859,1553830022,amdryzen55600,16,512,nvidiageforcertx2060super,DDR4,6,3500,8,600
4.9,82167,1666725455,intelcorei5-14400f,16,1000,nvidiageforcertx3050,DDR4,10,2.5,8,600
5,66235,1431698989,intelcorei5-12400f,16,1000,nvidiageforcertx3060,DDR4,6,2.5,12,700
4.8,39317,1204638590,amdryzen55600g,16,1024,amdradeonvega7,DDR4,6,3.9,2,600
4.5,12553,1616080401,amda88670e,8,480,amdradeonr7,DDR4,4,2.8,8,180
5,68659,1647005733,amdryzen55600,16,1024,nvidiageforcertx3050,DDR4,6,3500,8,500
4.8,20717,1234481473,intelcorei7-2600,16,512,intelhdgraphics,DDR3,4,3.4,1,600
4.7,35451,1584178464,intelcorei7-2600,16,1024,amdradeonrx580,DDR3,4,3.4,8,600
4.9,67918,693667084,intelcorei7-3770,16,1024,nvidiageforcertx3060,DDR3,4,3.4,12,600
4.9,70281,1099560880,intelcorei5-12400,32,512,nvidiageforcertx2060super,DDR4,6,2.5,8,600
4.9,223930,1666732397,intelcorei9-14900kf,32,1000,nvidiageforcertx3080,DDR5,24,3.2,12,800
4.9,83261,1465284898,intelcorei7-5820k,32,1000,nvidiageforcertx3050,DDR4,12,3.60,8,600
5,69444,1637606823,intelcorei5-10400f,8,256,nvidiageforcertx3060ti,DDR4,6,2.9,8,600
4.9,80814,1666729040,intelcorei5-12400f,16,500,nvidiageforcertx3050,DDR5,6,2.5,8,600
4.7,9624,1431564670,intelcorei5-2300,8,240,intelhdgraphics620,DDR3,4,3100,8,300
4.5,11909,1616081644,amda88670e,16,240,amdradeonr7,DDR4,4,2.8,8,180
5,70541,1659688767,amdryzen57600,8,128,nvidiageforcertx2070super,DDR5,6,4,8,600
4.9,30462,1579547366,intelcorei5-6500,32,960,intelhdgraphics,DDR4,4,3.2,1,600
4.9,13383,1591172365,intelcorei5-3470,8,240,intelhdgraphics,DDR3,4,3.2,1,600
5,133459,1581678242,intelcorei5-13600kf,16,1000,nvidiageforcertx4070,DDR4,14,3.5,12,700
4.4,31326,1602924412,intelxeone5-2640v4,16,512,amdradeonrx580,DDR4 Reg,10,2.4,8,550
4.6,24753,1344540612,intelxeone5-2650v2,32,512,nvidiageforcegt730,DDR3,8,2.6,4,500
5,95447,1581678053,intelcorei5-13400f,32,256,nvidiageforcertx4060ti,DDR4,10,2.5,8,600
4.8,25099,1404664213,intelcorei3-9100f,8,480,nvidiageforcegt210,DDR4,4,3.6,4,600
4.9,71323,857167071,intelcorei7-5820k,32,1000,nvidiageforcegtx1660super,DDR4,12,3.60,6,500
4.5,76506,1637607057,intelcorei5-10400f,32,1024,nvidiageforcertx3060,DDR4,6,2.9,12,600
4.8,60030,1607905191,intelcorei5-11400f,16,256,amdradeonrx6600,DDR4,6,4.4,8,500
4.7,33626,1576264383,intelxeone5-2650v2,32,1024,amdradeonrx580,DDR3,8,2.6,8,600
4.7,17181,1317037811,intelcorei7-2600,16,1024,intelhdgraphics2000,DDR3,4,3.8,2,400
4.6,65849,1395394160,intelcorei5-12400f,32,1000,nvidiageforcertx3060ti,DDR4,6,2.5,8,600
4.8,73998,1461021582,intelcorei5-11400f,16,500,nvidiageforcertx3070ti,DDR4,6,4.4,8,750
4.5,13958,1665537072,amdproa8-8650b,32,480,amdradeonr7,DDR3,4,3.2,8,240
5,17593,1700298562,intelcorei7-4790,16,240,intelhdgraphics,DDR3,4,3.6,1,400
5,95392,1525265659,intelcorei5-12400f,32,1000,nvidiageforcertx4060,DDR4,6,2.5,8,600
4.9,58044,1418571193,intelcorei5-10400f,16,480,nvidiageforcegtx1660super,DDR4,6,2.9,6,600
4.9,30370,1608847313,intelxeone5-2650v2,32,512,amdradeonrx580,DDR3,8,2.7,8,500
4.7,13486,1160592028,intelcorei5-4570,16,240,inteluhdgraphics,DDR3,4,3.6,2,400
4.9,46560,1579560026,amdryzen55600g,32,960,amdradeonvega7,DDR4,6,3.9,2,450
4.8,21931,1239775638,intelcorei7-2600,16,1024,intelhdgraphics,DDR3,4,3.4,1,450
4.9,40632,1433209921,intelcorei7-2600,16,960,nvidiageforcegtx1050ti,DDR3,4,3.4,4,600
4.9,70281,1099560880,intelcorei5-12400,32,512,nvidiageforcertx2060super,DDR4,6,2.5,8,600
4.5,37509,1577394189,intelxeone5-2670v3,64,512,amdradeonrx580,DDR4,12,3.1,8,600
4.7,34768,1381113314,intelcorei7-2600,16,1024,amdradeonrx580,DDR3,4,3.4,8,600
4.9,43709,1654695327,amdryzen53600,16,512,amdradeonrx580,DDR4,6,3600,8,500
5,19260,1235038012,intelcorei7-2600,16,512,intelhdgraphics2000,DDR3,8,3.4,2,500
4.9,64462,1654695334,amdryzen53600,32,1024,nvidiageforcertx2060super,DDR4,6,3.6,8,600
4.9,78696,1421953946,intelcorei5-12400f,32,960,nvidiageforcertx3060,DDR4,6,2.5,12,700
5,99346,1623118023,intelcorei9-11900,32,1512,nvidiageforcertx3060,DDR4,8,2.5,12,700
4.9,84926,1504837158,intelcorei5-12400f,32,960,nvidiageforcertx3060ti,DDR4,6,2.5,8,700
5,80542,1668061230,amdryzen55600x,32,1000,nvidiageforcertx3060,DDR4,6,3700,12,600
4.9,53420,1591175072,amdryzen75700g,32,960,amdradeonvega8,DDR4,8,3.8,8,450
5,36944,1508638895,intelcorei7-8700,32,500,amdradeonrx580,DDR3,10,3.6,8,500
5,69444,1637606823,intelcorei5-10400f,8,256,nvidiageforcertx3060ti,DDR4,6,2.9,8,600
4.9,201295,1666731461,intelcorei9-14900kf,64,1000,nvidiageforcertx4060ti,DDR5,24,3.2,16,800
5,57994,1659688508,amdryzen57600,8,128,amdradeonrx580,DDR5,6,4,8,500
4.9,77683,862648688,amdryzen55600,16,512,nvidiageforcertx3070,DDR4,6,3500,8,600
4.7,119467,833227202,amdryzen55600,32,1024,nvidiageforcertx3060ti,DDR4,6,4.4,8,600
5,62195,1431699241,intelcorei5-12400f,32,1000,nvidiageforcertx3050,DDR4,6,2.5,8,600
5,68659,1647005733,amdryzen55600,16,1024,nvidiageforcertx3050,DDR4,6,3500,8,500
4.9,34345,1404635458,amdryzen54600g,16,480,amdradeonvega7,DDR4,6,3.7,2,450
5,40864,1404643265,intelcorei7-4770,16,960,nvidiageforcegtx1050ti,DDR3,4,3.4,4,600
4.5,56099,1416770503,amdryzen53600,16,256,nvidiageforcertx2060super,DDR4,6,3600,8,600
4.9,57672,1654694929,intelcorei3-10105f,16,512,nvidiageforcertx2060super,DDR4,4,3600,8,600
4.9,201919,1652469966,intelcorei7-14700kf,32,2000,nvidiageforcertx4070ti,DDR5,20,3.4,12,750
4.9,64090,1654695224,intelcorei3-10105f,32,1024,nvidiageforcertx3050,DDR4,4,3600,8,500
4.9,40750,1528681994,amdryzen54600g,32,960,amdradeonvega7,DDR4,6,3.7,2,600
5,56072,1549211158,intelcorei5-10400f,8,256,nvidiageforcertx3050,DDR4,6,2.9,8,600
4.6,8149,1491176993,intelcorei3-3220,8,120,intelhdgraphics,DDR3,2,3.3,2,450
4.9,87819,879829120,intelcorei7-10700f,16,1512,nvidiageforcertx3060,DDR4,8,2900,12,600
4.6,62560,1395394496,intelcorei5-12400f,16,512,nvidiageforcertx3060,DDR4,6,2.5,12,600
5,49354,998535853,intelcorei3-10105f,8,512,nvidiageforcegtx1650,DDR4,4,3700,4,500
4.5,56099,1416770503,amdryzen53600,16,256,nvidiageforcertx2060super,DDR4,6,3600,8,600
5,31418,1567052203,amdryzen55600g,16,512,amdradeonvega7,DDR4,6,4400,2,450
4.9,23232,1604934862,intelcorei5-6500,16,480,intelhdgraphics,DDR4,4,3.2,1,600
4.9,63010,1691177280,intelcorei7-3820,32,1024,nvidiageforcertx2060super,DDR4,8,3.8,8,600
4.7,30630,796327687,intelcorei7-2600,16,512,nvidiageforcegt730,DDR3,4,3.4,4,600
5,63679,1431699411,intelcorei5-12400f,16,500,nvidiageforcertx3060,DDR4,6,2.5,12,700
4.5,48345,1577394115,intelxeone5-2670v3,32,512,nvidiageforcertx3050,DDR4,12,3.1,8,600
5,28255,1649011498,intelcorei3-12100,16,480,inteluhdgraphics730,DDR4,4,3.3,8,350
4.9,70164,1555440438,amdryzen53600,16,512,nvidiageforcertx3070,DDR4,6,3.6,8,600
5,70541,1659688767,amdryzen57600,8,128,nvidiageforcertx2070super,DDR5,6,4,8,600
5,61681,1665714822,amdryzen77700,8,128,amdradeonrx580,DDR5,8,4,8,500
5,47904,1581678245,amdryzen75700g,32,512,amdradeonvega8,DDR4,8,3.7,8,500
5,61681,1665714822,amdryzen77700,8,128,amdradeonrx580,DDR5,8,4,8,500
4.9,83045,1461338074,intelcorei5-10400f,32,1024,nvidiageforcertx3070,DDR4,6,2.9,8,600
5,74730,961299585,intelcorei5-10400f,16,1000,nvidiageforcertx3060,DDR4,6,4.3,12,600
4.5,71547,1654695067,amdryzen55600,16,1024,nvidiageforcertx3060,DDR4,6,3500,12,600
5,67908,833226966,amdryzen55600,16,1024,nvidiageforcertx3060,DDR4,6,4.4,12,600
4.9,63469,1547074421,intelcorei5-10400f,32,960,nvidiageforcegtx1050ti,DDR4,6,2900,4,600
5,104893,1638866527,intelcorei5-12400f,32,500,nvidiageforcertx4070,DDR4,6,2.5,12,800
4.9,47097,1654695217,amdryzen52600,32,1024,amdradeonrx580,DDR4,6,2600,8,500
3.5,5999,1650888583,intelcorei3-2120,8,120,intelhdgraphics2000,DDR3,2,3.3,2,240
4.9,61983,1553830171,intelcorei5-10400f,32,1024,nvidiageforcegtx1660super,DDR4,6,2900,6,500
4.9,61328,511391668,intelxeone5-2650v2,16,512,amdradeonrx580,DDR3,16,3100,8,600
5,74395,1600291770,amdryzen55600,16,1024,nvidiageforcertx4060,DDR4,6,4.4,8,600
4.7,40411,1164195402,intelcorei5-3470,16,512,nvidiageforcegtx1660super,DDR3,4,3.2,6,600
4.5,69297,1654694701,amdryzen55600,16,512,nvidiageforcertx3060,DDR4,6,3500,12,600
4.5,47023,1308744083,intelcorei7-7700,32,1000,nvidiageforcertx2060super,DDR3,4,3.4,8,500
5,123981,1661576391,intelcorei5-13400f,32,1000,nvidiageforcertx4070super,DDR4,10,4.0,12,750
4.8,18283,772581968,intelcorei5-2400,16,512,intelhdgraphics,DDR3,4,3.1,1,600
4.7,10304,1590382207,amdproa8-8650b,16,240,amdradeonr7,DDR3,4,3900,8,300
5,95447,1581678053,intelcorei5-13400f,32,256,nvidiageforcertx4060ti,DDR4,10,2.5,8,600
4.7,34182,1584180722,intelcorei7-2600,8,512,amdradeonrx580,DDR3,4,3.4,8,600
4.8,18559,1181082056,intelcorei5-3470,16,512,intelhdgraphics,DDR3,4,3.2,1,600
5,72095,1638864683,intelcorei5-12400f,32,1000,nvidiageforcertx4060,DDR4,6,2.5,8,700
4.5,69545,1654694931,intelcorei5-10400f,16,1024,nvidiageforcertx3060,DDR4,6,2.9,12,600
4.9,89000,1652470733,intelcorei5-12400f,32,1000,nvidiageforcertx4060,DDR4,6,2.5,8,550
4.5,80668,1654695258,amdryzen55600,32,1024,nvidiageforcertx4060,DDR4,6,3500,8,600
5,18247,1235037654,intelcorei7-2600,16,512,intelhdgraphics2000,DDR3,8,3.4,2,500
4.9,40750,1528681994,amdryzen54600g,32,960,amdradeonvega7,DDR4,6,3.7,2,600
5,31418,1567052203,amdryzen55600g,16,512,amdradeonvega7,DDR4,6,4400,2,450
5,130551,1581678134,intelcorei5-13600kf,16,512,nvidiageforcertx4070,DDR4,14,3.5,12,700
4.9,9941,1685907157,intelcorei3-3220,8,256,intelhdgraphics2000,DDR3,2,3.3,2,400
4.9,71789,1099563979,intelcorei5-12400f,32,1024,nvidiageforcertx2060super,DDR4,6,2.5,8,600
4.9,69608,1652469367,intelcorei5-11400f,16,1000,amdradeonrx6600,DDR4,6,2.6,8,450
4.7,38041,1584197666,intelcorei7-2600,16,1024,amdradeonrx580,DDR3,4,3.4,8,600
5,142384,1652468687,intelcorei5-12400f,32,1000,nvidiageforcertx3090,DDR4,6,2.5,24,850
4.9,71323,857167071,intelcorei7-5820k,32,1000,nvidiageforcegtx1660super,DDR4,12,3.60,6,500
4.9,46560,1579560026,amdryzen55600g,32,960,amdradeonvega7,DDR4,6,3.9,2,450
4.9,125517,1652470780,amdryzen77700x,32,2000,amdradeonrx7600,DDR5,8,4.5,8,600
4.5,12863,1616088036,amda88670e,16,480,amdradeonr7,DDR4,4,2.8,8,180
4.5,134147,1637606936,amdryzen57500f,16,1024,nvidiageforcertx4070,DDR5,6,3700,12,800
4.5,73891,1637607689,amdryzen53600,32,1024,nvidiageforcertx3060,DDR4,6,3.6,12,600
5,47904,1581678245,amdryzen75700g,32,512,amdradeonvega8,DDR4,8,3.7,8,500
4.8,123624,1461023469,intelcorei9-11900f,32,1000,nvidiageforcertx4070super,DDR4,16,5.2,12,750
4.8,73998,1461021582,intelcorei5-11400f,16,500,nvidiageforcertx3070ti,DDR4,6,4.4,8,750
5,69836,1637607476,amdryzen55600,32,1024,nvidiageforcertx3050,DDR4,6,3500,8,500
4.9,165420,1463138222,intelcorei7-12700f,32,1024,nvidiageforcertx4070,DDR4,12,3600,12,800
4.6,11054,1315807923,intelcorei3-2100,16,512,intelhdgraphics,DDR3,2,3.1,1,400
4.9,83312,1392929158,intelcorei5-12400f,32,1000,nvidiageforcertx4060,DDR4,6,2.5,8,600
5,21889,1234483554,intelcorei7-2600,16,512,intelhdgraphics2000,DDR3,8,3.4,2,600
4.5,53575,1637607581,amdryzen52600,32,1024,amdradeonrx580,DDR4,6,2600,8,500
4.9,185050,1653513668,intelcorei7-14700kf,64,2000,amdradeonrx7800xt,DDR5,20,3.4,16,750
4.9,58044,1418571193,intelcorei5-10400f,16,480,nvidiageforcegtx1660super,DDR4,6,2.9,6,600
4.5,36546,1648218521,intelcorei3-10100f,16,500,nvidiageforcegtx1050ti,DDR4,4,3.6,4,450
4.5,67482,1637607082,amdryzen53600,16,512,nvidiageforcertx3060,DDR4,6,3.6,12,600
4.9,217795,1653711650,amdryzen77700x,32,1000,nvidiageforcertx4080,DDR5,8,4.5,16,800
5,73089,1652468688,intelcorei5-12400f,16,2000,nvidiageforcegtx1660super,DDR4,6,2.6,6,450
4.9,22027,1673579593,intelxeone5-2650v3,16,256,nvidiageforcegt730,DDR4,10,2.3,4,400
4.5,70150,1637607810,intelcorei5-10400f,16,1024,nvidiageforcertx3050,DDR4,6,2900,8,500
4.9,92925,1612206638,intelcorei5-13400f,32,960,nvidiageforcertx3060ti,DDR4,10,2.5,8,700
5,79549,1427466219,intelcorei5-12400f,32,1000,nvidiageforcertx4060,DDR4,6,2500,8,600
5,104124,800015390,intelcorei7-12700f,32,1000,nvidiageforcertx3060,DDR4,12,3600,12,600
5,99111,1427466559,intelcorei5-12400f,32,1000,nvidiageforcertx4060ti,DDR4,6,2500,16,600
4.9,161743,1666731664,intelcorei7-14700kf,32,1000,nvidiageforcertx4070super,DDR5,20,3.4,12,800
5,72095,1638864715,intelcorei5-12400f,32,1000,nvidiageforcertx4060,DDR4,6,2.5,8,700
3.6,52171,1585507713,intelcorei7-10700,32,1000,nvidiageforcertx2060super,DDR3,6,3.2,8,500
4.9,99175,1453867607,intelcorei7-12700f,16,1024,nvidiageforcertx3060,DDR4,12,3600,12,600
4.7,38041,1584197666,intelcorei7-2600,16,1024,amdradeonrx580,DDR3,4,3.4,8,600
4.9,16508,1404664177,intelcorei5-2400,16,480,intelhdgraphics,DDR3,4,3.1,1,450
5,36944,1508638895,intelcorei7-8700,32,500,amdradeonrx580,DDR3,10,3.6,8,500
5,99719,1652470887,intelcorei5-12400f,32,1000,nvidiageforcertx4060ti,DDR4,6,2.5,8,550
4.9,141889,1653513675,amdryzen77700x,32,2000,nvidiageforcertx4060ti,DDR5,8,4.5,8,600
5,113435,1525265773,intelcorei5-13400f,32,1000,nvidiageforcertx4060ti,DDR4,10,4.0,8,700
4.7,33626,1576264383,intelxeone5-2650v2,32,1024,amdradeonrx580,DDR3,8,2.6,8,600
4.9,83996,1579559680,intelcorei5-12400f,32,960,nvidiageforcertx3060ti,DDR4,6,2.5,8,700
5,19260,1235038012,intelcorei7-2600,16,512,intelhdgraphics2000,DDR3,8,3.4,2,500
4.9,34345,1404635458,amdryzen54600g,16,480,amdradeonvega7,DDR4,6,3.7,2,450
4.9,62602,1553830214,amdryzen53600,32,1024,nvidiageforcertx2060super,DDR4,6,3.6,8,600
4.5,55507,1577394095,intelxeone5-2670v3,64,1024,nvidiageforcertx2060super,DDR4,12,3.1,8,600
4.5,27535,1328978149,intelcorei3-2100,16,480,nvidiageforcegt1030,DDR3,2,3.1,2,350
4.9,74414,1453188812,amdryzen55600,16,1024,nvidiageforcertx3060,DDR4,6,3500,12,600
5,67243,1638864388,intelcorei5-12400f,16,500,nvidiageforcertx4060,DDR4,6,2.5,8,700
4.8,66022,1607905950,intelcorei5-11400f,16,1000,amdradeonrx6600,DDR4,6,4.4,8,500
4.9,40879,1654694595,amdryzen52600,8,256,amdradeonrx580,DDR4,6,3400,8,500
4.7,69419,1332838198,intelcorei5-10400f,32,960,nvidiageforcertx3050,DDR4,6,4.3,8,500
4.9,77376,1418571189,intelcorei5-12400f,32,960,nvidiageforcertx3060ti,DDR4,6,2.5,8,700
4.9,84926,1504837158,intelcorei5-12400f,32,960,nvidiageforcertx3060ti,DDR4,6,2.5,8,700
4.5,9845,1579940083,amdproa8-8650b,8,480,amdradeonr7,DDR3,4,3.2,8,240
4.9,61328,511391668,intelxeone5-2650v2,16,512,amdradeonrx580,DDR3,16,3100,8,600
5,74395,1600291770,amdryzen55600,16,1024,nvidiageforcertx4060,DDR4,6,4.4,8,600
4.9,79320,1422274984,amdryzen55600,32,1024,nvidiageforcertx2060super,DDR4,6,3500,8,600
4.9,80953,1461258852,amdryzen55600,16,1024,nvidiageforcertx3070,DDR4,6,3500,8,600
5,57258,1637123439,intelcorei5-12400f,16,500,nvidiageforcertx3050,DDR4,6,2.5,8,600
4.5,124490,1637607427,intelcorei7-12700f,32,1024,nvidiageforcertx3080,DDR4,12,3600,10,800
4.8,66022,1607905950,intelcorei5-11400f,16,1000,amdradeonrx6600,DDR4,6,4.4,8,500
4.5,34759,1648218579,intelcorei3-10100f,16,250,nvidiageforcegtx1050ti,DDR4,4,3.6,4,450
5,43375,1416199316,amdryzen51600,16,512,nvidiageforcegtx1660super,DDR4,6,3.6,6,600
4.9,105078,1461601997,intelcorei5-13400f,32,1024,nvidiageforcertx3080,DDR4,10,2500,10,800
4.9,68659,1422484137,intelcorei5-10400f,32,1024,nvidiageforcertx2060super,DDR4,6,2900,8,600
4.8,21931,1239775638,intelcorei7-2600,16,1024,intelhdgraphics,DDR3,4,3.4,1,450
5,75418,1431699287,intelcorei5-12400f,32,1000,nvidiageforcertx4060,DDR4,6,2.5,8,700
5,96580,1665715330,amdryzen77700,32,256,nvidiageforcertx3070ti,DDR5,8,4,8,800
4.9,69966,1678970572,intelcorei5-12400f,32,256,nvidiageforcertx2060super,DDR4,6,2500,8,650
5,78468,1637607599,intelcorei5-10400f,32,1024,nvidiageforcertx3060,DDR4,6,2.9,12,600
5,15833,1700298282,intelcorei7-4790,8,120,intelhdgraphics,DDR3,4,3.6,1,400
4.9,74137,1666728947,amdryzen55600,16,1000,nvidiageforcertx3050,DDR4,6,3.5,8,600
4.8,10220,1627314209,amdproa8-8650b,8,240,amdradeonr7,DDR4,4,2.8,8,600
5,67908,833226966,amdryzen55600,16,1024,nvidiageforcertx3060,DDR4,6,4.4,12,600
4.5,66698,1637607538,amdryzen55600,16,1024,nvidiageforcertx3050,DDR4,6,3500,8,500
4.9,37384,1404640192,intelcorei7-2600,16,960,nvidiageforcegtx1050ti,DDR3,4,3.4,4,600
4.9,83261,1465284898,intelcorei7-5820k,32,1000,nvidiageforcertx3050,DDR4,12,3.60,8,600
4.9,40632,1433209921,intelcorei7-2600,16,960,nvidiageforcegtx1050ti,DDR3,4,3.4,4,600
5,84028,1652469947,intelcorei5-12400f,32,1000,nvidiageforcertx3060,DDR4,6,2.5,12,550
5,50977,1637607362,intelcorei3-10105f,16,512,amdradeonrx580,DDR4,4,3700,8,500
4.7,13631,1304533653,intelcorei5-4570,16,512,inteluhdgraphics,DDR3,4,3.6,2,400
4.9,57672,1654694929,intelcorei3-10105f,16,512,nvidiageforcertx2060super,DDR4,4,3600,8,600
4.9,105429,1461543145,amdryzen53600,32,512,nvidiageforcertx3080,DDR4,6,3.6,10,800
4.9,64090,1654695224,intelcorei3-10105f,32,1024,nvidiageforcertx3050,DDR4,4,3600,8,500
4.5,29772,1308743872,intelcorei7-7700,32,1000,amdradeonrx580,DDR3,4,3,8,500
4.8,62671,1630291067,intelcorei5-10400f,16,512,nvidiageforcertx2060super,DDR4,6,2.9,8,600
4.9,73282,1504780820,intelcorei5-10400f,32,960,nvidiageforcertx3060ti,DDR4,6,2.9,8,700
4.8,16495,1557363008,intelcorei7-2600,16,256,intelhdgraphics,DDR3,4,3.4,1,600
4.9,141104,1666733955,intelcorei7-14700kf,16,1000,nvidiageforcertx4060ti,DDR5,20,3.4,8,800
4.9,68057,1654695040,amdryzen55600,32,1024,nvidiageforcertx3050,DDR4,6,3500,8,500
4.8,11142,1472136445,intelcorei5-3470,16,240,intelhdgraphics,DDR3,4,3.2,1,400
4.9,83045,1461338074,intelcorei5-10400f,32,1024,nvidiageforcertx3070,DDR4,6,2.9,8,600
4.9,63469,1547074421,intelcorei5-10400f,32,960,nvidiageforcegtx1050ti,DDR4,6,2900,4,600
4.9,56448,1609637968,intelcorei5-6600,32,960,nvidiageforcegtx1660super,DDR4,4,3.9,6,500
4.9,77291,1461614613,amdryzen53600,16,512,nvidiageforcertx4060,DDR4,6,3.6,8,600
4.9,14237,1404640126,intelcorei3-3220,16,480,intelhdgraphics,DDR3,2,3.2,1,450
4.7,31274,1395052337,amdryzen54600g,16,512,amdradeonvega7,DDR4,6,3.7,2,500
5,35610,1625370521,amdryzen55600g,16,480,amdradeonrxvega7,DDR4,6,3.9,8,500
4.9,81319,907007610,intelcorei5-12400f,32,1000,nvidiageforcertx3060,DDR4,6,4.4,12,600
4.9,115278,1666730717,intelcorei7-11700,16,500,amdradeonrx6700xt,DDR4,8,2.5,12,750
5,178105,1653543750,intelcorei5-14600kf,32,2000,nvidiageforcertx4070ti,DDR5,14,3.5,12,700
4.9,64462,1654695334,amdryzen53600,32,1024,nvidiageforcertx2060super,DDR4,6,3.6,8,600
4.5,63431,1637607058,intelcorei5-10400f,8,256,nvidiageforcertx3050,DDR4,6,2900,8,500
4.7,33384,1584178463,intelcorei7-2600,16,256,amdradeonrx580,DDR3,4,3.4,8,600
5,85569,1567053431,intelcorei5-12400f,32,1000,nvidiageforcertx4060,DDR4,6,4400,8,600
4.7,80956,1665714753,amdryzen77700,8,1024,nvidiageforcertx2070super,DDR5,8,4,8,600
4.5,69444,1637607741,intelcorei5-10400f,32,1024,nvidiageforcertx3050,DDR4,6,2900,8,500
4.9,16510,1579554748,intelcorei5-3470,16,480,intelhdgraphics,DDR3,4,3.2,1,600
4.9,369110,1653512985,amdryzen77700x,64,2000,nvidiageforcertx4090,DDR5,8,4.5,24,1000
4.9,45557,1421467753,intelcorei3-10105f,16,1024,amdradeonrx580,DDR4,4,3700,8,500
5,49354,998535853,intelcorei3-10105f,8,512,nvidiageforcegtx1650,DDR4,4,3700,4,500
4.9,141810,1463130319,intelcorei5-12400f,32,1024,nvidiageforcertx4070,DDR4,6,2500,12,800
4.9,37344,1399499968,amdryzen52600,16,512,amdradeonrx580,DDR4,6,3400,8,500
5,13479,1680216535,intelcorei3-4130,16,480,intelhdgraphics,DDR3,2,3.4,1,400
4.5,69297,1654694701,amdryzen55600,16,512,nvidiageforcertx3060,DDR4,6,3500,12,600
4.9,78696,1421953946,intelcorei5-12400f,32,960,nvidiageforcertx3060,DDR4,6,2.5,12,700
4.8,79730,1467863208,intelcorei5-12400f,32,1000,nvidiageforcertx4060,DDR4,6,2500,8,600
5,72970,1431699494,intelcorei5-12400f,32,1000,nvidiageforcertx3060,DDR4,6,2.5,12,700
5,94678,1567762802,intelcorei712700f,16,256,nvidiageforcertx3060,DDR4,12,2.9,12,600
5,63705,650318309,intelcorei5-10400f,16,256,nvidiageforcertx3050,DDR4,6,2.9,8,600
4.9,43709,1654695327,amdryzen53600,16,512,amdradeonrx580,DDR4,6,3600,8,500
4.7,81737,1637607331,intelcorei5-12400f,32,1024,nvidiageforcertx3060,DDR4,6,2500,12,600
5,90654,1540746863,intelcorei7-7700,32,960,nvidiageforcertx4060,DDR4,4,3600,8,700
4.7,38135,1703686143,intelcorei5-3470,16,1024,amdradeonrx580,DDR3,4,3.2,8,600
5,46095,1421132770,amdryzen53600,16,1024,amdradeonrx580,DDR4,6,3600,8,500
4.8,68042,1265057809,intelcorei5-10400f,16,512,nvidiageforcertx2060super,DDR4,6,2.9,8,600
4.9,89000,1655758891,intelcorei5-12400f,32,1000,nvidiageforcertx4060,DDR4,6,2.5,8,550
4.5,47568,1637606697,amdryzen53600,8,256,amdradeonrx580,DDR4,6,3600,8,500
4.7,46212,1664983309,intelxeone5-2650v2,32,1024,nvidiageforcegtx1660super,DDR3,8,2.6,6,600
4.9,41132,1553830251,amdryzen55600,16,512,amdradeonrx580,DDR4,6,3500,8,500
5,40029,1404635426,intelcorei7-4770,16,480,nvidiageforcegtx1050ti,DDR3,4,3.4,4,600
